{"validation_loss": 0.37793615460395813, "validation_accuracy": 0.9032257795333862, "validation_f1_score_micro": 0.9032257795333862, "validation_f1_score_macro": 0.9028213024139404, "validation_AUC": 0.9495798349380493, "epoch": 13, "trainer/global_step": 13, "_timestamp": 1648733932, "_runtime": 39, "_step": 36, "train_loss_epoch": 0.05230214446783066, "train_accuracy": 1.0, "train_f1_score_micro": 1.0, "train_f1_score_macro": 1.0, "train_AUC": 1.0, "test_loss": 0.729736864566803, "test_accuracy": 0.6526315808296204, "test_f1_score_micro": 0.6526315808296204, "test_f1_score_macro": 0.6501506567001343, "test_AUC": 0.7569631934165955, "_wandb": {"runtime": 40}}