{"validation_loss": 0.378281831741333, "validation_accuracy": 0.8709677457809448, "validation_f1_score_micro": 0.8709677457809448, "validation_f1_score_macro": 0.8708333373069763, "validation_AUC": 0.9747899174690247, "epoch": 23, "trainer/global_step": 23, "_timestamp": 1648726009, "_runtime": 54, "_step": 56, "train_loss_epoch": 0.03602130711078644, "train_accuracy": 0.9979166388511658, "train_f1_score_micro": 0.9979166388511658, "train_f1_score_macro": 0.9977259635925293, "train_AUC": 0.9977608919143677, "test_loss": 0.4637780785560608, "test_accuracy": 0.8315789699554443, "test_f1_score_micro": 0.8315790295600891, "test_f1_score_macro": 0.8292902708053589, "test_AUC": 0.9146450757980347, "_wandb": {"runtime": 56}}