{"validation_loss": 0.4335651993751526, "validation_accuracy": 0.7096773982048035, "validation_f1_score_micro": 0.7096773982048035, "validation_f1_score_macro": 0.6759582161903381, "validation_AUC": 0.9537814855575562, "epoch": 19, "trainer/global_step": 19, "_timestamp": 1648733150, "_runtime": 46, "_step": 48, "train_loss_epoch": 0.06587965786457062, "train_accuracy": 1.0, "train_f1_score_micro": 1.0, "train_f1_score_macro": 1.0, "train_AUC": 0.9999999403953552, "test_loss": 0.6814152598381042, "test_accuracy": 0.6736842393875122, "test_f1_score_micro": 0.6736842393875122, "test_f1_score_macro": 0.672377347946167, "test_AUC": 0.7654986381530762, "_wandb": {"runtime": 46}}