{"validation_loss": 0.21886101365089417, "validation_accuracy": 0.9677419066429138, "validation_f1_score_micro": 0.9677419066429138, "validation_f1_score_macro": 0.9671957492828369, "validation_AUC": 0.9957982897758484, "epoch": 23, "trainer/global_step": 23, "_timestamp": 1648730279, "_runtime": 51, "_step": 56, "train_loss_epoch": 0.044720299541950226, "train_accuracy": 1.0, "train_f1_score_micro": 1.0, "train_f1_score_macro": 1.0, "train_AUC": 1.0, "test_loss": 0.6440938711166382, "test_accuracy": 0.75789475440979, "test_f1_score_micro": 0.75789475440979, "test_f1_score_macro": 0.7508268356323242, "test_AUC": 0.8149145841598511, "_wandb": {"runtime": 52}}