{"train_loss_epoch": 0.5780522227287292, "train_accuracy": 0.6910661458969116, "train_f1_score_micro": 0.6910661458969116, "train_f1_score_macro": 0.6784906983375549, "train_AUC_0": 0.2425592839717865, "train_AUC_1": 0.7574407458305359, "epoch": 1, "trainer/global_step": 49, "_timestamp": 1647862251, "_runtime": 71, "_step": 8, "validation_loss_step/epoch_0": 0.49975162744522095, "validation_loss_epoch": 0.45688438415527344, "validation_accuracy": 0.8076398372650146, "validation_f1_score_micro": 0.8076398372650146, "validation_f1_score_macro": 0.8056591153144836, "validation_AUC_0": 0.12113569676876068, "validation_AUC_1": 0.8788642883300781, "train_loss_step": 0.44415369629859924}