{"train_loss_step": 0.6881365776062012, "epoch": 1, "trainer/global_step": 9, "_timestamp": 1647966960, "_runtime": 68, "_step": 11, "validation_loss": 0.6707548499107361, "validation_accuracy": 0.5679348111152649, "validation_f1_score_micro": 0.5679348111152649, "validation_f1_score_macro": 0.384233295917511, "validation_AUC": 0.6962231397628784, "train_loss_epoch": 0.6965516805648804, "train_accuracy": 0.5452272891998291, "train_f1_score_micro": 0.5452272891998291, "train_f1_score_macro": 0.5346617698669434, "train_AUC": 0.5449073314666748, "test_loss": 0.6731305122375488, "test_accuracy": 0.5485481023788452, "test_f1_score_micro": 0.5485481023788452, "test_f1_score_macro": 0.37350428104400635, "test_AUC": 0.7031093835830688, "_wandb": {"runtime": 68}}