{"validation_loss": 0.3094702661037445, "validation_accuracy": 0.9354838728904724, "validation_f1_score_micro": 0.9354838728904724, "validation_f1_score_macro": 0.9354166984558105, "validation_AUC": 0.9747899174690247, "epoch": 9, "trainer/global_step": 19, "_timestamp": 1648726257, "_runtime": 26, "_step": 19, "train_loss_epoch": 0.09757814556360245, "train_accuracy": 0.9926470518112183, "train_f1_score_micro": 0.9926470518112183, "train_f1_score_macro": 0.9918471574783325, "train_AUC": 0.995980441570282}