{"train_loss_epoch": 0.414108008146286, "train_accuracy": 0.8172967433929443, "train_f1_score_micro": 0.8172967433929443, "train_f1_score_macro": 0.8086389899253845, "train_AUC_0": 0.09876907616853714, "train_AUC_1": 0.9012309908866882, "epoch": 2, "trainer/global_step": 104, "_timestamp": 1647820549, "_runtime": 957, "_step": 25, "validation_loss_step/epoch_0": 0.4776110351085663, "validation_loss_epoch": 0.4069257080554962, "validation_accuracy": 0.8114919066429138, "validation_f1_score_micro": 0.8114919066429138, "validation_f1_score_macro": 0.8003765344619751, "validation_AUC_0": 0.10800253599882126, "validation_AUC_1": 0.8919974565505981, "train_loss_step": 0.5595947504043579, "validation_loss_step/epoch_1": 0.4926699101924896, "validation_loss_step/epoch_2": 0.42863729596138}