{"train_loss_step": 0.5648607015609741, "epoch": 1, "trainer/global_step": 7, "_timestamp": 1647966723, "_runtime": 75, "_step": 9, "validation_loss": 0.5093640685081482, "validation_accuracy": 0.9178832173347473, "validation_f1_score_micro": 0.9178832173347473, "validation_f1_score_macro": 0.9178369641304016, "validation_AUC": 0.9786703586578369, "train_loss_epoch": 0.6647865176200867, "train_accuracy": 0.6045731902122498, "train_f1_score_micro": 0.6045731902122498, "train_f1_score_macro": 0.603283703327179, "train_AUC": 0.7072851657867432, "test_loss": 0.5198875069618225, "test_accuracy": 0.8871951103210449, "test_f1_score_micro": 0.8871951103210449, "test_f1_score_macro": 0.8866180181503296, "test_AUC": 0.967759370803833, "_wandb": {"runtime": 75}}