{"validation_loss": 5.222307205200195, "validation_accuracy": 0.4516128897666931, "validation_f1_score_micro": 0.4516128897666931, "validation_f1_score_macro": 0.31111109256744385, "validation_AUC": 0.8382352590560913, "epoch": 1, "trainer/global_step": 1, "_timestamp": 1648731043, "_runtime": 18, "_step": 12, "train_loss_epoch": 0.0, "train_accuracy": 1.0, "train_f1_score_micro": 1.0, "train_f1_score_macro": 1.0, "train_AUC": 0.0, "test_loss": 1.0995581150054932, "test_accuracy": 0.557894766330719, "test_f1_score_micro": 0.557894766330719, "test_f1_score_macro": 0.35810813307762146, "test_AUC": 0.6421833038330078, "_wandb": {"runtime": 19}}