{"validation_loss": 0.16175022721290588, "validation_accuracy": 0.9677419066429138, "validation_f1_score_micro": 0.9677419066429138, "validation_f1_score_macro": 0.9676071405410767, "validation_AUC": 0.9873949885368347, "epoch": 23, "trainer/global_step": 23, "_timestamp": 1648725424, "_runtime": 51, "_step": 56, "train_loss_epoch": 0.07147952169179916, "train_accuracy": 1.0, "train_f1_score_micro": 1.0, "train_f1_score_macro": 1.0, "train_AUC": 1.0, "test_loss": 0.45427805185317993, "test_accuracy": 0.8105263113975525, "test_f1_score_micro": 0.8105263113975525, "test_f1_score_macro": 0.8094919919967651, "test_AUC": 0.8930818438529968, "_wandb": {"runtime": 59}}