{"validation_loss": 1.4461619853973389, "validation_accuracy": 0.6451612710952759, "validation_f1_score_micro": 0.6451612710952759, "validation_f1_score_macro": 0.6198439598083496, "validation_AUC": 0.9327731132507324, "epoch": 20, "trainer/global_step": 20, "_timestamp": 1648733339, "_runtime": 49, "_step": 50, "train_loss_epoch": 0.7899239659309387, "train_accuracy": 0.71875, "train_f1_score_micro": 0.71875, "train_f1_score_macro": 0.7117117047309875, "train_AUC": 0.9603174328804016, "test_loss": 0.6745208501815796, "test_accuracy": 0.7368420958518982, "test_f1_score_micro": 0.7368420958518982, "test_f1_score_macro": 0.7367254495620728, "test_AUC": 0.7942497730255127, "_wandb": {"runtime": 50}}