{"validation_loss": 0.2301255166530609, "validation_accuracy": 0.90625, "validation_f1_score_micro": 0.90625, "validation_f1_score_macro": 0.9054187536239624, "validation_AUC": 0.976190447807312, "epoch": 16, "trainer/global_step": 16, "_timestamp": 1648723860, "_runtime": 80, "_step": 42, "train_loss_epoch": 0.05227578803896904, "train_accuracy": 1.0, "train_f1_score_micro": 1.0, "train_f1_score_macro": 1.0, "train_AUC": 1.0, "test_loss": 0.6886278390884399, "test_accuracy": 0.7291666865348816, "test_f1_score_micro": 0.7291666865348816, "test_f1_score_macro": 0.729049026966095, "test_AUC": 0.8227512836456299, "_wandb": {"runtime": 84}}