{"validation_loss": 1.195959210395813, "validation_accuracy": 0.4838709533214569, "validation_f1_score_micro": 0.4838709533214569, "validation_f1_score_macro": 0.3737373650074005, "validation_AUC": 0.8991596698760986, "epoch": 1, "trainer/global_step": 1, "_timestamp": 1648731418, "_runtime": 18, "_step": 12, "train_loss_epoch": 0.44292765855789185, "train_accuracy": 1.0, "train_f1_score_micro": 1.0, "train_f1_score_macro": 1.0, "train_AUC": 1.0, "test_loss": 0.7555031776428223, "test_accuracy": 0.5789473652839661, "test_f1_score_micro": 0.5789473652839661, "test_f1_score_macro": 0.4571428596973419, "test_AUC": 0.6334232091903687, "_wandb": {"runtime": 19}}