{"validation_loss": 1.0889962911605835, "validation_accuracy": 0.5161290168762207, "validation_f1_score_micro": 0.5161290168762207, "validation_f1_score_macro": 0.4308445453643799, "validation_AUC": 0.8991596698760986, "epoch": 1, "trainer/global_step": 1, "_timestamp": 1648731586, "_runtime": 17, "_step": 12, "train_loss_epoch": 0.39511704444885254, "train_accuracy": 1.0, "train_f1_score_micro": 1.0, "train_f1_score_macro": 1.0, "train_AUC": 1.0, "test_loss": 0.6860098838806152, "test_accuracy": 0.5789473652839661, "test_f1_score_micro": 0.5789473652839661, "test_f1_score_macro": 0.4825707674026489, "test_AUC": 0.6401617527008057, "_wandb": {"runtime": 19}}