{"train_loss_step": 0.6732773780822754, "epoch": 1, "trainer/global_step": 9, "_timestamp": 1647967065, "_runtime": 71, "_step": 11, "validation_loss": 0.6751953959465027, "validation_accuracy": 0.7038043737411499, "validation_f1_score_micro": 0.7038043737411499, "validation_f1_score_macro": 0.675319492816925, "validation_AUC": 0.7977129220962524, "train_loss_epoch": 0.7239059209823608, "train_accuracy": 0.5400000214576721, "train_f1_score_micro": 0.5400000214576721, "train_f1_score_macro": 0.5357294082641602, "train_AUC": 0.5461616516113281, "test_loss": 0.674193263053894, "test_accuracy": 0.7277677059173584, "test_f1_score_micro": 0.7277677655220032, "test_f1_score_macro": 0.7092655301094055, "test_AUC": 0.8072689771652222, "_wandb": {"runtime": 71}}