{"validation_loss": 1.517398476600647, "validation_accuracy": 0.4838709533214569, "validation_f1_score_micro": 0.4838709533214569, "validation_f1_score_macro": 0.3737373650074005, "validation_AUC": 0.8823529481887817, "epoch": 1, "trainer/global_step": 1, "_timestamp": 1648731147, "_runtime": 17, "_step": 12, "train_loss_epoch": 0.23882122337818146, "train_accuracy": 1.0, "train_f1_score_micro": 1.0, "train_f1_score_macro": 1.0, "train_AUC": 0.9999999403953552, "test_loss": 0.7131040096282959, "test_accuracy": 0.5684210658073425, "test_f1_score_micro": 0.5684210658073425, "test_f1_score_macro": 0.46357253193855286, "test_AUC": 0.6412848234176636, "_wandb": {"runtime": 18}}