{"validation_loss": 0.35410770773887634, "validation_accuracy": 0.9354838728904724, "validation_f1_score_micro": 0.9354838728904724, "validation_f1_score_macro": 0.9348739385604858, "validation_AUC": 0.9453781247138977, "epoch": 13, "trainer/global_step": 13, "_timestamp": 1648733385, "_runtime": 38, "_step": 36, "train_loss_epoch": 0.04305967688560486, "train_accuracy": 1.0, "train_f1_score_micro": 1.0, "train_f1_score_macro": 1.0, "train_AUC": 1.0, "test_loss": 0.7751134634017944, "test_accuracy": 0.6315789222717285, "test_f1_score_micro": 0.6315789222717285, "test_f1_score_macro": 0.6274509429931641, "test_AUC": 0.7625786662101746, "_wandb": {"runtime": 37}}