{"validation_loss": 1.046173334121704, "validation_accuracy": 0.6451612710952759, "validation_f1_score_micro": 0.6451612710952759, "validation_f1_score_macro": 0.6198439598083496, "validation_AUC": 0.8991596698760986, "epoch": 1, "trainer/global_step": 1, "_timestamp": 1648731258, "_runtime": 16, "_step": 12, "train_loss_epoch": 0.25188201665878296, "train_accuracy": 0.9444444179534912, "train_f1_score_micro": 0.9444444179534912, "train_f1_score_macro": 0.9397993087768555, "train_AUC": 1.0, "test_loss": 0.7093135714530945, "test_accuracy": 0.5894736647605896, "test_f1_score_micro": 0.5894736647605896, "test_f1_score_macro": 0.4637429714202881, "test_AUC": 0.6435309648513794, "_wandb": {"runtime": 19}}