{"validation_loss": 1.0203701257705688, "validation_accuracy": 0.5161290168762207, "validation_f1_score_micro": 0.5161290168762207, "validation_f1_score_macro": 0.4308445453643799, "validation_AUC": 0.9075630307197571, "epoch": 1, "trainer/global_step": 1, "_timestamp": 1648731642, "_runtime": 18, "_step": 12, "train_loss_epoch": 0.40206465125083923, "train_accuracy": 1.0, "train_f1_score_micro": 1.0, "train_f1_score_macro": 1.0, "train_AUC": 1.0, "test_loss": 0.6699113249778748, "test_accuracy": 0.5894736647605896, "test_f1_score_micro": 0.5894736647605896, "test_f1_score_macro": 0.4773592948913574, "test_AUC": 0.6464509963989258, "_wandb": {"runtime": 20}}