{"validation_loss": 0.7912310361862183, "validation_accuracy": 0.5806451439857483, "validation_f1_score_micro": 0.5806451439857483, "validation_f1_score_macro": 0.5319396257400513, "validation_AUC": 0.894957959651947, "epoch": 1, "trainer/global_step": 1, "_timestamp": 1648731729, "_runtime": 18, "_step": 12, "train_loss_epoch": 0.4014597535133362, "train_accuracy": 0.9615384340286255, "train_f1_score_micro": 0.9615384340286255, "train_f1_score_macro": 0.9600614309310913, "train_AUC": 1.0, "test_loss": 0.6611484885215759, "test_accuracy": 0.5789473652839661, "test_f1_score_micro": 0.5789473652839661, "test_f1_score_macro": 0.4825707674026489, "test_AUC": 0.6621742844581604, "_wandb": {"runtime": 18}}