{"validation_loss": 0.3038351833820343, "validation_accuracy": 0.8709677457809448, "validation_f1_score_micro": 0.8709677457809448, "validation_f1_score_macro": 0.8675214052200317, "validation_AUC": 0.9579831957817078, "epoch": 15, "trainer/global_step": 15, "_timestamp": 1648733666, "_runtime": 39, "_step": 40, "train_loss_epoch": 0.04816683754324913, "train_accuracy": 1.0, "train_f1_score_micro": 1.0, "train_f1_score_macro": 1.0, "train_AUC": 1.0, "test_loss": 0.8597590327262878, "test_accuracy": 0.6526315808296204, "test_f1_score_micro": 0.6526315808296204, "test_f1_score_macro": 0.6487395167350769, "test_AUC": 0.7529200315475464, "_wandb": {"runtime": 40}}