{"validation_loss": 0.40975087881088257, "validation_accuracy": 0.8709677457809448, "validation_f1_score_micro": 0.8709677457809448, "validation_f1_score_macro": 0.8708332777023315, "validation_AUC": 0.9201680421829224, "epoch": 22, "trainer/global_step": 22, "_timestamp": 1648732865, "_runtime": 50, "_step": 54, "train_loss_epoch": 0.0445561558008194, "train_accuracy": 1.0, "train_f1_score_micro": 1.0, "train_f1_score_macro": 1.0, "train_AUC": 0.9999999403953552, "test_loss": 0.6138246059417725, "test_accuracy": 0.6736842393875122, "test_f1_score_micro": 0.6736842393875122, "test_f1_score_macro": 0.670028030872345, "test_AUC": 0.7803235054016113, "_wandb": {"runtime": 50}}