{"train_loss_step": 0.028011931106448174, "epoch": 16, "trainer/global_step": 16, "_timestamp": 1647967237, "_runtime": 100, "_step": 72, "validation_loss": 0.1939895749092102, "validation_accuracy": 0.96875, "validation_f1_score_micro": 0.96875, "validation_f1_score_macro": 0.9684728980064392, "validation_AUC": 0.976190447807312, "train_loss_epoch": 0.10149762779474258, "train_accuracy": 0.9893617033958435, "train_f1_score_micro": 0.9893617033958435, "train_f1_score_macro": 0.9893314838409424, "train_AUC": 0.9997732043266296, "test_loss": 0.46320924162864685, "test_accuracy": 0.7916666865348816, "test_f1_score_micro": 0.7916666865348816, "test_f1_score_macro": 0.7902097105979919, "test_AUC": 0.8791886568069458, "_wandb": {"runtime": 101}}