{"validation_loss": 0.7049352526664734, "validation_accuracy": 0.4516128897666931, "validation_f1_score_micro": 0.4516128897666931, "validation_f1_score_macro": 0.31111109256744385, "validation_AUC": 0.8991596698760986, "epoch": 2, "trainer/global_step": 4, "_timestamp": 1648726219, "_runtime": 23, "_step": 14, "train_loss_epoch": 0.526882529258728, "train_accuracy": 0.765625, "train_f1_score_micro": 0.765625, "train_f1_score_macro": 0.6380090713500977, "train_AUC": 0.7873550057411194, "test_loss": 0.6742164492607117, "test_accuracy": 0.6105263233184814, "test_f1_score_micro": 0.6105263233184814, "test_f1_score_macro": 0.4770123362541199, "test_AUC": 0.6446540355682373, "_wandb": {"runtime": 25}}