{"train_loss_step": 0.6577914357185364, "epoch": 1, "trainer/global_step": 9, "_timestamp": 1647966859, "_runtime": 52, "_step": 11, "validation_loss": 0.6694782972335815, "validation_accuracy": 0.6820651888847351, "validation_f1_score_micro": 0.6820651888847351, "validation_f1_score_macro": 0.6572601795196533, "validation_AUC": 0.7402769923210144, "train_loss_epoch": 0.7224250435829163, "train_accuracy": 0.5615909099578857, "train_f1_score_micro": 0.5615909099578857, "train_f1_score_macro": 0.5490062832832336, "train_AUC": 0.5587844848632812, "test_loss": 0.6683750152587891, "test_accuracy": 0.6692377328872681, "test_f1_score_micro": 0.6692377328872681, "test_f1_score_macro": 0.6518164873123169, "test_AUC": 0.7482609748840332, "_wandb": {"runtime": 50}}