{"validation_loss": 0.4371258318424225, "validation_accuracy": 0.8064516186714172, "validation_f1_score_micro": 0.8064516186714172, "validation_f1_score_macro": 0.8046218156814575, "validation_AUC": 0.9789916276931763, "epoch": 15, "trainer/global_step": 15, "_timestamp": 1648721683, "_runtime": 31, "_step": 40, "train_loss_epoch": 0.0467798225581646, "train_accuracy": 1.0, "train_f1_score_micro": 1.0, "train_f1_score_macro": 1.0, "train_AUC": 0.9999999403953552, "test_loss": 0.7090907096862793, "test_accuracy": 0.7157894968986511, "test_f1_score_micro": 0.7157894968986511, "test_f1_score_macro": 0.7052062749862671, "test_AUC": 0.7866127490997314, "_wandb": {"runtime": 31}}