{"validation_loss": 0.46256837248802185, "validation_accuracy": 0.8064516186714172, "validation_f1_score_micro": 0.8064516186714172, "validation_f1_score_macro": 0.8062499761581421, "validation_AUC": 0.9075630307197571, "epoch": 28, "trainer/global_step": 28, "_timestamp": 1648732750, "_runtime": 55, "_step": 60, "train_loss_epoch": 0.0274953693151474, "train_accuracy": 1.0, "train_f1_score_micro": 1.0, "train_f1_score_macro": 1.0, "train_AUC": 1.0, "test_loss": 0.6037030220031738, "test_accuracy": 0.6947368383407593, "test_f1_score_micro": 0.6947368383407593, "test_f1_score_macro": 0.6913164854049683, "test_AUC": 0.7778526544570923, "_wandb": {"runtime": 55}}