{"validation_loss": 0.4359198212623596, "validation_accuracy": 0.8387096524238586, "validation_f1_score_micro": 0.8387096524238586, "validation_f1_score_macro": 0.838035523891449, "validation_AUC": 0.9495798349380493, "epoch": 23, "trainer/global_step": 23, "_timestamp": 1648721825, "_runtime": 48, "_step": 56, "train_loss_epoch": 0.09515763074159622, "train_accuracy": 1.0, "train_f1_score_micro": 1.0, "train_f1_score_macro": 1.0, "train_AUC": 1.0, "test_loss": 0.396432101726532, "test_accuracy": 0.821052610874176, "test_f1_score_micro": 0.821052610874176, "test_f1_score_macro": 0.8203359842300415, "test_AUC": 0.9083558320999146, "_wandb": {"runtime": 48}}