{"validation_loss": 0.1829194575548172, "validation_accuracy": 0.9032257795333862, "validation_f1_score_micro": 0.9032257795333862, "validation_f1_score_macro": 0.9028213024139404, "validation_AUC": 0.9915966391563416, "epoch": 21, "trainer/global_step": 21, "_timestamp": 1648730472, "_runtime": 53, "_step": 52, "train_loss_epoch": 0.03266686201095581, "train_accuracy": 1.0, "train_f1_score_micro": 1.0, "train_f1_score_macro": 1.0, "train_AUC": 1.0, "test_loss": 0.37838199734687805, "test_accuracy": 0.8421052694320679, "test_f1_score_micro": 0.8421053290367126, "test_f1_score_macro": 0.8403360843658447, "test_AUC": 0.9339622855186462, "_wandb": {"runtime": 53}}