{"validation_loss": 0.34781593084335327, "validation_accuracy": 0.8709677457809448, "validation_f1_score_micro": 0.8709677457809448, "validation_f1_score_macro": 0.8708333373069763, "validation_AUC": 0.970588207244873, "epoch": 28, "trainer/global_step": 28, "_timestamp": 1648725493, "_runtime": 52, "_step": 60, "train_loss_epoch": 0.10742820799350739, "train_accuracy": 1.0, "train_f1_score_micro": 1.0, "train_f1_score_macro": 1.0, "train_AUC": 1.0, "test_loss": 0.3921550214290619, "test_accuracy": 0.8421052694320679, "test_f1_score_micro": 0.8421053290367126, "test_f1_score_macro": 0.8403360843658447, "test_AUC": 0.9043126702308655, "_wandb": {"runtime": 54}}