{"validation_loss": 0.9902905225753784, "validation_accuracy": 0.7096773982048035, "validation_f1_score_micro": 0.7096773982048035, "validation_f1_score_macro": 0.698378324508667, "validation_AUC": 0.861344575881958, "epoch": 2, "trainer/global_step": 2, "_timestamp": 1648732652, "_runtime": 19, "_step": 14, "train_loss_epoch": 0.07830706238746643, "train_accuracy": 1.0, "train_f1_score_micro": 1.0, "train_f1_score_macro": 1.0, "train_AUC": 1.0, "test_loss": 0.6370406150817871, "test_accuracy": 0.621052622795105, "test_f1_score_micro": 0.621052622795105, "test_f1_score_macro": 0.5821114182472229, "test_AUC": 0.676325261592865, "_wandb": {"runtime": 19}}