{"validation_loss": 0.3659694194793701, "validation_accuracy": 0.8709677457809448, "validation_f1_score_micro": 0.8709677457809448, "validation_f1_score_macro": 0.8708333373069763, "validation_AUC": 0.970588207244873, "epoch": 20, "trainer/global_step": 20, "_timestamp": 1648725607, "_runtime": 44, "_step": 50, "train_loss_epoch": 0.044552769511938095, "train_accuracy": 1.0, "train_f1_score_micro": 1.0, "train_f1_score_macro": 1.0, "train_AUC": 1.0, "test_loss": 0.4739590287208557, "test_accuracy": 0.8526315689086914, "test_f1_score_micro": 0.8526315689086914, "test_f1_score_macro": 0.8512970209121704, "test_AUC": 0.9061095714569092, "_wandb": {"runtime": 49}}