{"validation_loss": 1.1959482431411743, "validation_accuracy": 0.4838709533214569, "validation_f1_score_micro": 0.4838709533214569, "validation_f1_score_macro": 0.3737373650074005, "validation_AUC": 0.8949580192565918, "epoch": 1, "trainer/global_step": 1, "_timestamp": 1648731286, "_runtime": 17, "_step": 12, "train_loss_epoch": 0.38772839307785034, "train_accuracy": 1.0, "train_f1_score_micro": 1.0, "train_f1_score_macro": 1.0, "train_AUC": 1.0, "test_loss": 0.7658355832099915, "test_accuracy": 0.6105263233184814, "test_f1_score_micro": 0.6105263233184814, "test_f1_score_macro": 0.49124330282211304, "test_AUC": 0.6415094137191772, "_wandb": {"runtime": 18}}