{"validation_loss": 1.0343883037567139, "validation_accuracy": 0.5161290168762207, "validation_f1_score_micro": 0.5161290168762207, "validation_f1_score_macro": 0.4308445453643799, "validation_AUC": 0.9075629711151123, "epoch": 1, "trainer/global_step": 1, "_timestamp": 1648731522, "_runtime": 17, "_step": 12, "train_loss_epoch": 0.42688995599746704, "train_accuracy": 1.0, "train_f1_score_micro": 1.0, "train_f1_score_macro": 1.0, "train_AUC": 1.0, "test_loss": 0.6663556694984436, "test_accuracy": 0.5789473652839661, "test_f1_score_micro": 0.5789473652839661, "test_f1_score_macro": 0.4825707674026489, "test_AUC": 0.6361186504364014, "_wandb": {"runtime": 18}}