{"validation_loss": 0.8736621141433716, "validation_accuracy": 0.5806451439857483, "validation_f1_score_micro": 0.5806451439857483, "validation_f1_score_macro": 0.5319396257400513, "validation_AUC": 0.9201680421829224, "epoch": 1, "trainer/global_step": 1, "_timestamp": 1648731700, "_runtime": 18, "_step": 12, "train_loss_epoch": 0.37082716822624207, "train_accuracy": 1.0, "train_f1_score_micro": 1.0, "train_f1_score_macro": 1.0, "train_AUC": 1.0, "test_loss": 0.6835533380508423, "test_accuracy": 0.557894766330719, "test_f1_score_micro": 0.557894766330719, "test_f1_score_macro": 0.35810813307762146, "test_AUC": 0.6446540355682373, "_wandb": {"runtime": 18}}