{"validation_loss": 0.7188329100608826, "validation_accuracy": 0.6129032373428345, "validation_f1_score_micro": 0.6129032373428345, "validation_f1_score_macro": 0.5772727727890015, "validation_AUC": 0.9159663915634155, "epoch": 4, "trainer/global_step": 4, "_timestamp": 1648732323, "_runtime": 23, "_step": 18, "train_loss_epoch": 0.005450404714792967, "train_accuracy": 1.0, "train_f1_score_micro": 1.0, "train_f1_score_macro": 1.0, "train_AUC": 1.0, "test_loss": 0.6691814064979553, "test_accuracy": 0.6526315808296204, "test_f1_score_micro": 0.6526315808296204, "test_f1_score_macro": 0.5864661931991577, "test_AUC": 0.6653189659118652, "_wandb": {"runtime": 23}}