{"train_loss_step": 0.028230302035808563, "epoch": 15, "trainer/global_step": 15, "_timestamp": 1647967368, "_runtime": 123, "_step": 69, "validation_loss": 0.3204490542411804, "validation_accuracy": 0.84375, "validation_f1_score_micro": 0.84375, "validation_f1_score_macro": 0.8435972929000854, "validation_AUC": 0.9642857313156128, "train_loss_epoch": 0.07325620949268341, "train_accuracy": 0.9946808218955994, "train_f1_score_micro": 0.9946808218955994, "train_f1_score_macro": 0.994673490524292, "train_AUC": 1.0, "test_loss": 0.43334880471229553, "test_accuracy": 0.8333333134651184, "test_f1_score_micro": 0.8333333134651184, "test_f1_score_macro": 0.8330434560775757, "test_AUC": 0.920634925365448, "_wandb": {"runtime": 123}}