{"validation_loss": 1.2723016738891602, "validation_accuracy": 0.4516128897666931, "validation_f1_score_micro": 0.4516128897666931, "validation_f1_score_macro": 0.31111109256744385, "validation_AUC": 0.894957959651947, "epoch": 1, "trainer/global_step": 1, "_timestamp": 1648731470, "_runtime": 17, "_step": 12, "train_loss_epoch": 0.493291437625885, "train_accuracy": 0.9411764740943909, "train_f1_score_micro": 0.9411764740943909, "train_f1_score_macro": 0.9411765336990356, "train_AUC": 1.0, "test_loss": 0.7133310437202454, "test_accuracy": 0.557894766330719, "test_f1_score_micro": 0.557894766330719, "test_f1_score_macro": 0.35810813307762146, "test_AUC": 0.6325247287750244, "_wandb": {"runtime": 18}}