{"validation_loss": 0.8740910291671753, "validation_accuracy": 0.5483871102333069, "validation_f1_score_micro": 0.5483871102333069, "validation_f1_score_macro": 0.4833333492279053, "validation_AUC": 0.9075629711151123, "epoch": 1, "trainer/global_step": 1, "_timestamp": 1648731673, "_runtime": 19, "_step": 12, "train_loss_epoch": 0.4041981101036072, "train_accuracy": 0.9583333134651184, "train_f1_score_micro": 0.9583333134651184, "train_f1_score_macro": 0.9571428298950195, "train_AUC": 1.0, "test_loss": 0.67421954870224, "test_accuracy": 0.5789473652839661, "test_f1_score_micro": 0.5789473652839661, "test_f1_score_macro": 0.4825707674026489, "test_AUC": 0.6415094137191772, "_wandb": {"runtime": 20}}