{"validation_loss": 0.2011776864528656, "validation_accuracy": 0.96875, "validation_f1_score_micro": 0.96875, "validation_f1_score_macro": 0.9684728980064392, "validation_AUC": 0.9960317611694336, "epoch": 18, "trainer/global_step": 18, "_timestamp": 1648724074, "_runtime": 74, "_step": 37, "train_loss_epoch": 0.14313268661499023, "train_accuracy": 0.9833333492279053, "train_f1_score_micro": 0.9833333492279053, "train_f1_score_macro": 0.982512354850769, "train_AUC": 0.9973958134651184}