{"validation_loss": 0.38169294595718384, "validation_accuracy": 0.8709677457809448, "validation_f1_score_micro": 0.8709677457809448, "validation_f1_score_macro": 0.8708332777023315, "validation_AUC": 0.9369747638702393, "epoch": 13, "trainer/global_step": 13, "_timestamp": 1648733494, "_runtime": 41, "_step": 36, "train_loss_epoch": 0.07382577657699585, "train_accuracy": 1.0, "train_f1_score_micro": 1.0, "train_f1_score_macro": 1.0, "train_AUC": 1.0, "test_loss": 0.6796367168426514, "test_accuracy": 0.6526315808296204, "test_f1_score_micro": 0.6526315808296204, "test_f1_score_macro": 0.6501506567001343, "test_AUC": 0.7632524967193604, "_wandb": {"runtime": 41}}