{"train_loss_step": 0.060857031494379044, "epoch": 18, "trainer/global_step": 18, "_timestamp": 1647967489, "_runtime": 114, "_step": 78, "validation_loss": 0.5233495831489563, "validation_accuracy": 0.71875, "validation_f1_score_micro": 0.71875, "validation_f1_score_macro": 0.7117117047309875, "validation_AUC": 0.9841269850730896, "train_loss_epoch": 0.06923403590917587, "train_accuracy": 1.0, "train_f1_score_micro": 1.0, "train_f1_score_macro": 1.0, "train_AUC": 1.0, "test_loss": 0.3727564811706543, "test_accuracy": 0.8854166865348816, "test_f1_score_micro": 0.8854166865348816, "test_f1_score_macro": 0.883892297744751, "test_AUC": 0.9232804179191589, "_wandb": {"runtime": 113}}