{"validation_loss": 0.4755136966705322, "validation_accuracy": 0.8387096524238586, "validation_f1_score_micro": 0.8387096524238586, "validation_f1_score_macro": 0.838035523891449, "validation_AUC": 0.9453781247138977, "epoch": 29, "trainer/global_step": 29, "_timestamp": 1648733733, "_runtime": 59, "_step": 60, "train_loss_epoch": 0.0684087947010994, "train_accuracy": 1.0, "train_f1_score_micro": 1.0, "train_f1_score_macro": 1.0, "train_AUC": 1.0, "test_loss": 0.6338673233985901, "test_accuracy": 0.6947368383407593, "test_f1_score_micro": 0.6947368383407593, "test_f1_score_macro": 0.693514347076416, "test_AUC": 0.7870620489120483, "_wandb": {"runtime": 60}}