{"validation_loss": 2.253749132156372, "validation_accuracy": 0.5483871102333069, "validation_f1_score_micro": 0.5483871102333069, "validation_f1_score_macro": 0.4833333492279053, "validation_AUC": 0.8529411554336548, "epoch": 21, "trainer/global_step": 21, "_timestamp": 1648732808, "_runtime": 50, "_step": 52, "train_loss_epoch": 0.5794300436973572, "train_accuracy": 0.7857142686843872, "train_f1_score_micro": 0.7857142090797424, "train_f1_score_macro": 0.7543859481811523, "train_AUC": 0.9583333134651184, "test_loss": 0.5973984003067017, "test_accuracy": 0.6631578803062439, "test_f1_score_micro": 0.6631578803062439, "test_f1_score_macro": 0.6585804224014282, "test_AUC": 0.7789757251739502, "_wandb": {"runtime": 49}}