{"validation_loss": 0.33963847160339355, "validation_accuracy": 0.9354838728904724, "validation_f1_score_micro": 0.9354838728904724, "validation_f1_score_macro": 0.9348739385604858, "validation_AUC": 0.9537814855575562, "epoch": 15, "trainer/global_step": 15, "_timestamp": 1648734096, "_runtime": 42, "_step": 40, "train_loss_epoch": 0.07213054597377777, "train_accuracy": 1.0, "train_f1_score_micro": 1.0, "train_f1_score_macro": 1.0, "train_AUC": 1.0, "test_loss": 0.6820518970489502, "test_accuracy": 0.6526315808296204, "test_f1_score_micro": 0.6526315808296204, "test_f1_score_macro": 0.6487395167350769, "test_AUC": 0.7637016773223877, "_wandb": {"runtime": 42}}