{"train_loss_step": 0.6821597218513489, "epoch": 1, "trainer/global_step": 1, "_timestamp": 1647966536, "_runtime": 15, "_step": 3, "validation_loss": 0.9351099729537964, "validation_accuracy": 0.4375, "validation_f1_score_micro": 0.4375, "validation_f1_score_macro": 0.30434781312942505, "validation_AUC": 0.841269850730896, "train_loss_epoch": 0.6850851774215698, "train_accuracy": 0.5957446694374084, "train_f1_score_micro": 0.5957446694374084, "train_f1_score_macro": 0.5116882920265198, "train_AUC": 0.6829931735992432, "test_loss": 0.9041377305984497, "test_accuracy": 0.5833333134651184, "test_f1_score_micro": 0.5833333134651184, "test_f1_score_macro": 0.48470205068588257, "test_AUC": 0.645061731338501, "_wandb": {"runtime": 15}}