{"validation_loss": 0.9443405270576477, "validation_accuracy": 0.5483871102333069, "validation_f1_score_micro": 0.5483871102333069, "validation_f1_score_macro": 0.4833333492279053, "validation_AUC": 0.9117646813392639, "epoch": 1, "trainer/global_step": 1, "_timestamp": 1648731812, "_runtime": 18, "_step": 12, "train_loss_epoch": 0.4099568724632263, "train_accuracy": 1.0, "train_f1_score_micro": 1.0, "train_f1_score_macro": 1.0, "train_AUC": 1.0, "test_loss": 0.6761582493782043, "test_accuracy": 0.6000000238418579, "test_f1_score_micro": 0.6000000238418579, "test_f1_score_macro": 0.4703638553619385, "test_AUC": 0.6435310244560242, "_wandb": {"runtime": 19}}