{"train_loss_step": 0.6843054890632629, "epoch": 1, "trainer/global_step": 1, "_timestamp": 1647966559, "_runtime": 15, "_step": 3, "validation_loss": 0.7745786905288696, "validation_accuracy": 0.4375, "validation_f1_score_micro": 0.4375, "validation_f1_score_macro": 0.30434781312942505, "validation_AUC": 0.7658730149269104, "train_loss_epoch": 0.6895091533660889, "train_accuracy": 0.6063829660415649, "train_f1_score_micro": 0.6063829660415649, "train_f1_score_macro": 0.5987076759338379, "train_AUC": 0.6249433159828186, "test_loss": 0.700191080570221, "test_accuracy": 0.6041666865348816, "test_f1_score_micro": 0.6041666865348816, "test_f1_score_macro": 0.48619717359542847, "test_AUC": 0.6104497313499451, "_wandb": {"runtime": 15}}