{"validation_loss": 0.10903426259756088, "validation_accuracy": 0.9677419066429138, "validation_f1_score_micro": 0.9677419066429138, "validation_f1_score_macro": 0.9676071405410767, "validation_AUC": 0.9957982897758484, "epoch": 23, "trainer/global_step": 23, "_timestamp": 1648725885, "_runtime": 54, "_step": 56, "train_loss_epoch": 0.03054586425423622, "train_accuracy": 0.9975000023841858, "train_f1_score_micro": 0.9975000023841858, "train_f1_score_macro": 0.9973437786102295, "train_AUC": 0.9966222643852234, "test_loss": 0.4410485327243805, "test_accuracy": 0.8526315689086914, "test_f1_score_micro": 0.8526315689086914, "test_f1_score_macro": 0.851827085018158, "test_AUC": 0.9177897572517395, "_wandb": {"runtime": 57}}