{"validation_loss": 0.23543837666511536, "validation_accuracy": 0.9677419066429138, "validation_f1_score_micro": 0.9677419066429138, "validation_f1_score_macro": 0.9676071405410767, "validation_AUC": 0.9831932783126831, "epoch": 21, "trainer/global_step": 21, "_timestamp": 1648725759, "_runtime": 49, "_step": 52, "train_loss_epoch": 0.053896233439445496, "train_accuracy": 0.996874988079071, "train_f1_score_micro": 0.996874988079071, "train_f1_score_macro": 0.9966829419136047, "train_AUC": 0.9992108941078186, "test_loss": 0.47784262895584106, "test_accuracy": 0.821052610874176, "test_f1_score_micro": 0.821052610874176, "test_f1_score_macro": 0.8190476894378662, "test_AUC": 0.9070081114768982, "_wandb": {"runtime": 52}}