{"validation_loss": 1.0825868844985962, "validation_accuracy": 0.6129032373428345, "validation_f1_score_micro": 0.6129032373428345, "validation_f1_score_macro": 0.5772727727890015, "validation_AUC": 0.8907563090324402, "epoch": 1, "trainer/global_step": 1, "_timestamp": 1648731227, "_runtime": 17, "_step": 12, "train_loss_epoch": 0.2872908115386963, "train_accuracy": 0.875, "train_f1_score_micro": 0.875, "train_f1_score_macro": 0.8333333730697632, "train_AUC": 1.0, "test_loss": 0.7006547451019287, "test_accuracy": 0.5789473652839661, "test_f1_score_micro": 0.5789473652839661, "test_f1_score_macro": 0.4825707674026489, "test_AUC": 0.6460018157958984, "_wandb": {"runtime": 20}}