{"train_loss_step": 0.14284352958202362, "epoch": 19, "trainer/global_step": 171, "_timestamp": 1647973246, "_runtime": 1038, "_step": 297, "validation_loss": 0.40329819917678833, "validation_accuracy": 0.8383151888847351, "validation_f1_score_micro": 0.8383151888847351, "validation_f1_score_macro": 0.8330254554748535, "validation_AUC": 0.9059966802597046, "train_loss_epoch": 0.218850776553154, "train_accuracy": 0.9179545640945435, "train_f1_score_micro": 0.9179545640945435, "train_f1_score_macro": 0.9166280627250671, "train_AUC": 0.973583996295929, "test_loss": 0.37689080834388733, "test_accuracy": 0.8375680446624756, "test_f1_score_micro": 0.8375680446624756, "test_f1_score_macro": 0.8369287252426147, "test_AUC": 0.9065029621124268, "_wandb": {"runtime": 1036}}