{"train_loss_step": 0.16878148913383484, "epoch": 10, "trainer/global_step": 70, "_timestamp": 1647968600, "_runtime": 412, "_step": 162, "validation_loss": 0.08828490972518921, "validation_accuracy": 0.974452555179596, "validation_f1_score_micro": 0.974452555179596, "validation_f1_score_macro": 0.9744358658790588, "validation_AUC": 0.9956568479537964, "train_loss_epoch": 0.062162552028894424, "train_accuracy": 0.9853658676147461, "train_f1_score_micro": 0.9853658676147461, "train_f1_score_macro": 0.9853657484054565, "train_AUC": 0.9977575540542603, "test_loss": 0.07905906438827515, "test_accuracy": 0.9774390459060669, "test_f1_score_micro": 0.9774390459060669, "test_f1_score_macro": 0.9774309396743774, "test_AUC": 0.9953773021697998, "_wandb": {"runtime": 412}}