{"validation_loss": 0.151841938495636, "validation_accuracy": 0.9677419066429138, "validation_f1_score_micro": 0.9677419066429138, "validation_f1_score_macro": 0.9676071405410767, "validation_AUC": 0.9873949885368347, "epoch": 19, "trainer/global_step": 19, "_timestamp": 1648725945, "_runtime": 49, "_step": 48, "train_loss_epoch": 0.027508903294801712, "train_accuracy": 0.9977272748947144, "train_f1_score_micro": 0.9977272748947144, "train_f1_score_macro": 0.997566819190979, "train_AUC": 0.9970985651016235, "test_loss": 0.5200807452201843, "test_accuracy": 0.821052610874176, "test_f1_score_micro": 0.821052610874176, "test_f1_score_macro": 0.8190476894378662, "test_AUC": 0.9034141302108765, "_wandb": {"runtime": 50}}