{"train_loss_step": 0.012936964631080627, "epoch": 29, "trainer/global_step": 203, "_timestamp": 1647969372, "_runtime": 760, "_step": 333, "validation_loss": 0.07166604697704315, "validation_accuracy": 0.9781022071838379, "validation_f1_score_micro": 0.9781022071838379, "validation_f1_score_macro": 0.9780948758125305, "validation_AUC": 0.9960697889328003, "train_loss_epoch": 0.05088051036000252, "train_accuracy": 0.9856707453727722, "train_f1_score_micro": 0.9856707453727722, "train_f1_score_macro": 0.985670804977417, "train_AUC": 0.9984607100486755, "test_loss": 0.06718360632658005, "test_accuracy": 0.9817073345184326, "test_f1_score_micro": 0.9817073345184326, "test_f1_score_macro": 0.9817039966583252, "test_AUC": 0.9958212375640869, "_wandb": {"runtime": 759}}