{"validation_loss": 1.1631553173065186, "validation_accuracy": 0.5161290168762207, "validation_f1_score_micro": 0.5161290168762207, "validation_f1_score_macro": 0.4308445453643799, "validation_AUC": 0.9117646813392639, "epoch": 1, "trainer/global_step": 1, "_timestamp": 1648731337, "_runtime": 18, "_step": 12, "train_loss_epoch": 0.3510994613170624, "train_accuracy": 1.0, "train_f1_score_micro": 1.0, "train_f1_score_macro": 1.0, "train_AUC": 1.0, "test_loss": 0.6877390146255493, "test_accuracy": 0.557894766330719, "test_f1_score_micro": 0.557894766330719, "test_f1_score_macro": 0.35810813307762146, "test_AUC": 0.6320754885673523, "_wandb": {"runtime": 18}}