{"validation_loss": 0.7059227824211121, "validation_accuracy": 0.774193525314331, "validation_f1_score_micro": 0.774193525314331, "validation_f1_score_macro": 0.7732497453689575, "validation_AUC": 0.8865545988082886, "epoch": 5, "trainer/global_step": 5, "_timestamp": 1648732621, "_runtime": 25, "_step": 20, "train_loss_epoch": 0.007051600608974695, "train_accuracy": 1.0, "train_f1_score_micro": 1.0, "train_f1_score_macro": 1.0, "train_AUC": 1.0, "test_loss": 0.7053163051605225, "test_accuracy": 0.6526315808296204, "test_f1_score_micro": 0.6526315808296204, "test_f1_score_macro": 0.6487395167350769, "test_AUC": 0.6864330768585205, "_wandb": {"runtime": 25}}