{"validation_loss": 1.2182974815368652, "validation_accuracy": 0.5161290168762207, "validation_f1_score_micro": 0.5161290168762207, "validation_f1_score_macro": 0.4308445453643799, "validation_AUC": 0.8907563090324402, "epoch": 1, "trainer/global_step": 1, "_timestamp": 1648731171, "_runtime": 16, "_step": 12, "train_loss_epoch": 0.2808116674423218, "train_accuracy": 1.0, "train_f1_score_micro": 1.0, "train_f1_score_macro": 1.0, "train_AUC": 1.0, "test_loss": 0.8604336977005005, "test_accuracy": 0.5684210658073425, "test_f1_score_micro": 0.5684210658073425, "test_f1_score_macro": 0.38380002975463867, "test_AUC": 0.6446540355682373, "_wandb": {"runtime": 17}}