{"validation_loss": 0.8160408735275269, "validation_accuracy": 0.521276593208313, "validation_f1_score_micro": 0.521276593208313, "validation_f1_score_macro": 0.34265732765197754, "validation_AUC": 0.39444443583488464, "epoch": 1, "trainer/global_step": 2, "_timestamp": 1648165223, "_runtime": 10, "_step": 2, "train_loss_epoch": 0.7380550503730774, "train_accuracy": 0.49468085169792175, "train_f1_score_micro": 0.49468085169792175, "train_f1_score_macro": 0.3648422956466675, "train_AUC": 0.6467120051383972, "test_loss": 0.8160406947135925, "test_accuracy": 0.521276593208313, "test_f1_score_micro": 0.521276593208313, "test_f1_score_macro": 0.34265732765197754, "test_AUC": 0.39444443583488464, "_wandb": {"runtime": 10}}