{"validation_loss": 1.0191195011138916, "validation_accuracy": 0.5161290168762207, "validation_f1_score_micro": 0.5161290168762207, "validation_f1_score_macro": 0.4308445453643799, "validation_AUC": 0.9159663915634155, "epoch": 1, "trainer/global_step": 1, "_timestamp": 1648731838, "_runtime": 17, "_step": 12, "train_loss_epoch": 0.4211300313472748, "train_accuracy": 0.9833333492279053, "train_f1_score_micro": 0.9833333492279053, "train_f1_score_macro": 0.9832167625427246, "train_AUC": 1.0, "test_loss": 0.7107588648796082, "test_accuracy": 0.557894766330719, "test_f1_score_micro": 0.557894766330719, "test_f1_score_macro": 0.35810813307762146, "test_AUC": 0.640610933303833, "_wandb": {"runtime": 18}}