{"validation_loss": 0.3717929422855377, "validation_accuracy": 0.8387096524238586, "validation_f1_score_micro": 0.8387096524238586, "validation_f1_score_macro": 0.8387096524238586, "validation_AUC": 0.924369752407074, "epoch": 14, "trainer/global_step": 14, "_timestamp": 1648722123, "_runtime": 32, "_step": 38, "train_loss_epoch": 0.041213251650333405, "train_accuracy": 1.0, "train_f1_score_micro": 1.0, "train_f1_score_macro": 1.0, "train_AUC": 0.9999999403953552, "test_loss": 0.8366934657096863, "test_accuracy": 0.6736842393875122, "test_f1_score_micro": 0.6736842393875122, "test_f1_score_macro": 0.6585507392883301, "test_AUC": 0.7345013618469238, "_wandb": {"runtime": 32}}