{"validation_loss": 0.35878998041152954, "validation_accuracy": 0.9090909361839294, "validation_f1_score_micro": 0.9090909361839294, "validation_f1_score_macro": 0.9087557792663574, "validation_AUC": 0.9518518447875977, "epoch": 13, "trainer/global_step": 13, "_timestamp": 1648724774, "_runtime": 38, "_step": 36, "train_loss_epoch": 0.051967449486255646, "train_accuracy": 1.0, "train_f1_score_micro": 1.0, "train_f1_score_macro": 1.0, "train_AUC": 1.0, "test_loss": 0.632899284362793, "test_accuracy": 0.6666666865348816, "test_f1_score_micro": 0.6666666865348816, "test_f1_score_macro": 0.6666666269302368, "test_AUC": 0.777336835861206, "_wandb": {"runtime": 45}}