{"train_loss_epoch": 0.23449216783046722, "train_accuracy": 0.8988636136054993, "train_f1_score_micro": 0.8988636136054993, "train_f1_score_macro": 0.8972642421722412, "train_AUC": 0.9630541801452637, "epoch": 33, "trainer/global_step": 1190, "_timestamp": 1647865265, "_runtime": 727, "_step": 91, "validation_loss": 0.40466803312301636, "validation_accuracy": 0.8396739363670349, "validation_f1_score_micro": 0.8396739363670349, "validation_f1_score_macro": 0.8372401595115662, "validation_AUC": 0.9038517475128174, "train_loss_step": 0.4475613832473755, "test_loss": 0.36823412775993347, "test_accuracy": 0.8389292359352112, "test_f1_score_micro": 0.8389292359352112, "test_f1_score_macro": 0.8374958038330078, "test_AUC": 0.9079849720001221, "_wandb": {"runtime": 726}}