{"validation_loss": 0.18161042034626007, "validation_accuracy": 0.9375, "validation_f1_score_micro": 0.9375, "validation_f1_score_macro": 0.9372549057006836, "validation_AUC": 0.9841269850730896, "epoch": 24, "trainer/global_step": 24, "_timestamp": 1648723099, "_runtime": 56, "_step": 58, "train_loss_epoch": 0.0946800485253334, "train_accuracy": 0.9750000238418579, "train_f1_score_micro": 0.9750000238418579, "train_f1_score_macro": 0.9709091186523438, "train_AUC": 1.0, "test_loss": 0.6391083002090454, "test_accuracy": 0.7604166865348816, "test_f1_score_micro": 0.7604166865348816, "test_f1_score_macro": 0.7559412121772766, "test_AUC": 0.8104056119918823, "_wandb": {"runtime": 55}}