{"validation_loss": 1.1835235357284546, "validation_accuracy": 0.7096773982048035, "validation_f1_score_micro": 0.7096773982048035, "validation_f1_score_macro": 0.698378324508667, "validation_AUC": 0.9327730536460876, "epoch": 21, "trainer/global_step": 21, "_timestamp": 1648733282, "_runtime": 54, "_step": 52, "train_loss_epoch": 0.6240053176879883, "train_accuracy": 0.699999988079071, "train_f1_score_micro": 0.699999988079071, "train_f1_score_macro": 0.691428542137146, "train_AUC": 0.9728506803512573, "test_loss": 0.6360957622528076, "test_accuracy": 0.7052631378173828, "test_f1_score_micro": 0.7052631378173828, "test_f1_score_macro": 0.7049689292907715, "test_AUC": 0.792452871799469, "_wandb": {"runtime": 53}}