{"validation_loss": 0.5646454095840454, "validation_accuracy": 0.7419354915618896, "validation_f1_score_micro": 0.7419354915618896, "validation_f1_score_macro": 0.7416666746139526, "validation_AUC": 0.8907563090324402, "epoch": 7, "trainer/global_step": 7, "_timestamp": 1648732687, "_runtime": 27, "_step": 24, "train_loss_epoch": 0.016016270965337753, "train_accuracy": 1.0, "train_f1_score_micro": 1.0, "train_f1_score_macro": 1.0, "train_AUC": 1.0, "test_loss": 0.6930585503578186, "test_accuracy": 0.6526315808296204, "test_f1_score_micro": 0.6526315808296204, "test_f1_score_macro": 0.6526315808296204, "test_AUC": 0.7295597195625305, "_wandb": {"runtime": 27}}