{"train_loss_epoch": 0.29090040922164917, "train_accuracy": 0.8774999976158142, "train_f1_score_micro": 0.8774999976158142, "train_f1_score_macro": 0.8755194544792175, "train_AUC_0": 0.05597779154777527, "train_AUC_1": 0.9440221786499023, "epoch": 20, "trainer/global_step": 735, "_timestamp": 1647863537, "_runtime": 613, "_step": 182, "validation_loss_step/epoch_0": 0.7422537207603455, "validation_loss_epoch": 0.4179741144180298, "validation_accuracy": 0.8274456262588501, "validation_f1_score_micro": 0.8274456262588501, "validation_f1_score_macro": 0.8253300189971924, "validation_AUC_0": 0.10021335631608963, "validation_AUC_1": 0.899786651134491, "train_loss_step": 0.30270811915397644, "validation_loss_step/epoch_1": 0.5292181372642517, "validation_loss_step/epoch_2": 0.9696250557899475, "validation_loss_step/epoch_3": 0.44893789291381836, "validation_loss_step/epoch_4": 0.3713708817958832, "validation_loss_step/epoch_5": 0.3858705461025238, "validation_loss_step/epoch_6": 0.4014401435852051, "validation_loss_step/epoch_7": 0.36126112937927246, "validation_loss_step/epoch_8": 0.3332056701183319, "validation_loss_step/epoch_9": 0.6376205086708069, "validation_loss_step/epoch_10": 0.47009071707725525, "validation_loss_step/epoch_11": 0.42734184861183167, "validation_loss_step/epoch_12": 0.49198946356773376, "validation_loss_step/epoch_13": 0.5318360924720764, "validation_loss_step/epoch_14": 0.4920155107975006, "validation_loss_step/epoch_15": 0.3701096475124359, "validation_loss_step/epoch_16": 0.4860774278640747, "validation_loss_step/epoch_17": 0.3856905400753021, "validation_loss_step/epoch_18": 0.3934464156627655, "validation_loss_step/epoch_19": 0.4866202175617218, "validation_loss_step/epoch_20": 0.45335444808006287, "test_loss": 0.4446927011013031, "test_accuracy": 0.8198729753494263, "test_f1_score_micro": 0.8198729753494263, "test_f1_score_macro": 0.8195376992225647, "test_AUC_0": 0.10286492854356766, "test_AUC_1": 0.8971350789070129, "_wandb": {"runtime": 608}}