{"validation_loss": 0.26739224791526794, "validation_accuracy": 0.84375, "validation_f1_score_micro": 0.84375, "validation_f1_score_macro": 0.8358974456787109, "validation_AUC": 0.9682539701461792, "epoch": 20, "trainer/global_step": 20, "_timestamp": 1648723626, "_runtime": 83, "_step": 50, "train_loss_epoch": 0.1170693188905716, "train_accuracy": 0.949999988079071, "train_f1_score_micro": 0.949999988079071, "train_f1_score_macro": 0.9498746395111084, "train_AUC": 1.0, "test_loss": 0.6210945844650269, "test_accuracy": 0.6770833134651184, "test_f1_score_micro": 0.6770833134651184, "test_f1_score_macro": 0.6753572225570679, "test_AUC": 0.7826278805732727, "_wandb": {"runtime": 82}}