{"validation_loss": 2.582693338394165, "validation_accuracy": 0.4516128897666931, "validation_f1_score_micro": 0.4516128897666931, "validation_f1_score_macro": 0.31111109256744385, "validation_AUC": 0.848739504814148, "epoch": 1, "trainer/global_step": 1, "_timestamp": 1648731069, "_runtime": 17, "_step": 12, "train_loss_epoch": 0.09004470705986023, "train_accuracy": 1.0, "train_f1_score_micro": 1.0, "train_f1_score_macro": 1.0, "train_AUC": 1.0, "test_loss": 0.7562903165817261, "test_accuracy": 0.5789473652839661, "test_f1_score_micro": 0.5789473652839661, "test_f1_score_macro": 0.4571428596973419, "test_AUC": 0.6365678310394287, "_wandb": {"runtime": 18}}