{"validation_loss": 0.4372662901878357, "validation_accuracy": 0.8387096524238586, "validation_f1_score_micro": 0.8387096524238586, "validation_f1_score_macro": 0.838035523891449, "validation_AUC": 0.9495798349380493, "epoch": 12, "trainer/global_step": 12, "_timestamp": 1648733824, "_runtime": 36, "_step": 34, "train_loss_epoch": 0.067561075091362, "train_accuracy": 1.0, "train_f1_score_micro": 1.0, "train_f1_score_macro": 1.0, "train_AUC": 1.0, "test_loss": 0.6609309315681458, "test_accuracy": 0.6736842393875122, "test_f1_score_micro": 0.6736842393875122, "test_f1_score_macro": 0.6731046438217163, "test_AUC": 0.7596586346626282, "_wandb": {"runtime": 36}}