{"validation_loss": 0.3270975649356842, "validation_accuracy": 0.939393937587738, "validation_f1_score_micro": 0.939393937587738, "validation_f1_score_macro": 0.9393382668495178, "validation_AUC": 0.9592592716217041, "epoch": 18, "trainer/global_step": 18, "_timestamp": 1648724717, "_runtime": 51, "_step": 46, "train_loss_epoch": 0.08167950809001923, "train_accuracy": 0.976190447807312, "train_f1_score_micro": 0.976190447807312, "train_f1_score_macro": 0.976068377494812, "train_AUC": 1.0, "test_loss": 0.6898309588432312, "test_accuracy": 0.6875, "test_f1_score_micro": 0.6875, "test_f1_score_macro": 0.686956524848938, "test_AUC": 0.7819664478302002, "_wandb": {"runtime": 59}}