{"validation_loss": 0.4357548654079437, "validation_accuracy": 0.8709677457809448, "validation_f1_score_micro": 0.8709677457809448, "validation_f1_score_macro": 0.8708333373069763, "validation_AUC": 0.9495798349380493, "epoch": 13, "trainer/global_step": 13, "_timestamp": 1648733780, "_runtime": 39, "_step": 36, "train_loss_epoch": 0.05143594741821289, "train_accuracy": 1.0, "train_f1_score_micro": 1.0, "train_f1_score_macro": 1.0, "train_AUC": 1.0, "test_loss": 0.7156400084495544, "test_accuracy": 0.6421052813529968, "test_f1_score_micro": 0.6421052813529968, "test_f1_score_macro": 0.6372417211532593, "test_AUC": 0.7533692717552185, "_wandb": {"runtime": 39}}