{"validation_loss": 0.27324220538139343, "validation_accuracy": 0.9354838728904724, "validation_f1_score_micro": 0.9354838728904724, "validation_f1_score_macro": 0.9354166984558105, "validation_AUC": 0.9747899174690247, "epoch": 26, "trainer/global_step": 26, "_timestamp": 1648725554, "_runtime": 50, "_step": 60, "train_loss_epoch": 0.07258357852697372, "train_accuracy": 0.981249988079071, "train_f1_score_micro": 0.981249988079071, "train_f1_score_macro": 0.9801906943321228, "train_AUC": 1.0, "test_loss": 0.428744375705719, "test_accuracy": 0.821052610874176, "test_f1_score_micro": 0.821052610874176, "test_f1_score_macro": 0.8197745680809021, "test_AUC": 0.9115004539489746, "_wandb": {"runtime": 51}}