{"validation_loss": 0.9072529077529907, "validation_accuracy": 0.5806451439857483, "validation_f1_score_micro": 0.5806451439857483, "validation_f1_score_macro": 0.5319396257400513, "validation_AUC": 0.9201680421829224, "epoch": 1, "trainer/global_step": 1, "_timestamp": 1648731548, "_runtime": 17, "_step": 12, "train_loss_epoch": 0.35933202505111694, "train_accuracy": 1.0, "train_f1_score_micro": 1.0, "train_f1_score_macro": 1.0, "train_AUC": 1.0, "test_loss": 0.6905825138092041, "test_accuracy": 0.557894766330719, "test_f1_score_micro": 0.557894766330719, "test_f1_score_macro": 0.35810813307762146, "test_AUC": 0.6581311821937561, "_wandb": {"runtime": 26}}