{"validation_loss": 0.22564029693603516, "validation_accuracy": 0.9677419066429138, "validation_f1_score_micro": 0.9677419066429138, "validation_f1_score_macro": 0.9676071405410767, "validation_AUC": 0.9873949885368347, "epoch": 30, "trainer/global_step": 30, "_timestamp": 1648730410, "_runtime": 58, "_step": 60, "train_loss_epoch": 0.18945422768592834, "train_accuracy": 0.9833333492279053, "train_f1_score_micro": 0.9833333492279053, "train_f1_score_macro": 0.9832167625427246, "train_AUC": 1.0, "test_loss": 0.42481642961502075, "test_accuracy": 0.8105263113975525, "test_f1_score_micro": 0.8105263113975525, "test_f1_score_macro": 0.8042582273483276, "test_AUC": 0.8917340040206909, "_wandb": {"runtime": 59}}