{"validation_loss": 0.3119924068450928, "validation_accuracy": 0.9354838728904724, "validation_f1_score_micro": 0.9354838728904724, "validation_f1_score_macro": 0.9354166984558105, "validation_AUC": 0.9747899174690247, "epoch": 22, "trainer/global_step": 22, "_timestamp": 1648725820, "_runtime": 51, "_step": 54, "train_loss_epoch": 0.039088692516088486, "train_accuracy": 0.9972222447395325, "train_f1_score_micro": 0.9972222447395325, "train_f1_score_macro": 0.9969949722290039, "train_AUC": 0.9972909688949585, "test_loss": 0.45862165093421936, "test_accuracy": 0.8526315689086914, "test_f1_score_micro": 0.8526315689086914, "test_f1_score_macro": 0.8498193621635437, "test_AUC": 0.9101527333259583, "_wandb": {"runtime": 54}}