{"validation_loss": 0.4472532868385315, "validation_accuracy": 0.774193525314331, "validation_f1_score_micro": 0.774193525314331, "validation_f1_score_macro": 0.7580825090408325, "validation_AUC": 0.9159663915634155, "epoch": 18, "trainer/global_step": 18, "_timestamp": 1648732979, "_runtime": 46, "_step": 46, "train_loss_epoch": 0.04369449242949486, "train_accuracy": 1.0, "train_f1_score_micro": 1.0, "train_f1_score_macro": 1.0, "train_AUC": 1.0, "test_loss": 0.6479120850563049, "test_accuracy": 0.6736842393875122, "test_f1_score_micro": 0.6736842393875122, "test_f1_score_macro": 0.6713536977767944, "test_AUC": 0.7789757251739502, "_wandb": {"runtime": 47}}