{"validation_loss": 0.8086236119270325, "validation_accuracy": 0.521276593208313, "validation_f1_score_micro": 0.521276593208313, "validation_f1_score_macro": 0.34265732765197754, "validation_AUC": 0.3701813817024231, "epoch": 1, "trainer/global_step": 2, "_timestamp": 1648165299, "_runtime": 11, "_step": 2, "train_loss_epoch": 0.7036745548248291, "train_accuracy": 0.49468085169792175, "train_f1_score_micro": 0.49468085169792175, "train_f1_score_macro": 0.3723422884941101, "train_AUC": 0.6675170063972473, "test_loss": 0.8086236119270325, "test_accuracy": 0.521276593208313, "test_f1_score_micro": 0.521276593208313, "test_f1_score_macro": 0.34265732765197754, "test_AUC": 0.3701813817024231, "_wandb": {"runtime": 11}}