{"validation_loss": 0.8905081748962402, "validation_accuracy": 0.8387096524238586, "validation_f1_score_micro": 0.8387096524238586, "validation_f1_score_macro": 0.8387096524238586, "validation_AUC": 0.8823529481887817, "epoch": 7, "trainer/global_step": 7, "_timestamp": 1648729587, "_runtime": 27, "_step": 24, "train_loss_epoch": 0.04875593259930611, "train_accuracy": 1.0, "train_f1_score_micro": 1.0, "train_f1_score_macro": 1.0, "train_AUC": 1.0, "test_loss": 0.6807947158813477, "test_accuracy": 0.6421052813529968, "test_f1_score_micro": 0.6421052813529968, "test_f1_score_macro": 0.6417479515075684, "test_AUC": 0.7318059206008911, "_wandb": {"runtime": 27}}