{"validation_loss": 1.0613802671432495, "validation_accuracy": 0.5161290168762207, "validation_f1_score_micro": 0.5161290168762207, "validation_f1_score_macro": 0.4308445453643799, "validation_AUC": 0.9117646813392639, "epoch": 1, "trainer/global_step": 1, "_timestamp": 1648731785, "_runtime": 17, "_step": 12, "train_loss_epoch": 0.36163339018821716, "train_accuracy": 1.0, "train_f1_score_micro": 1.0, "train_f1_score_macro": 1.0, "train_AUC": 1.0, "test_loss": 0.6742042899131775, "test_accuracy": 0.5684210658073425, "test_f1_score_micro": 0.5684210658073425, "test_f1_score_macro": 0.46357253193855286, "test_AUC": 0.6401617527008057, "_wandb": {"runtime": 18}}