{"validation_loss": 0.2543957233428955, "validation_accuracy": 0.9032257795333862, "validation_f1_score_micro": 0.9032257795333862, "validation_f1_score_macro": 0.9032257795333862, "validation_AUC": 0.9747899174690247, "epoch": 27, "trainer/global_step": 27, "_timestamp": 1648730343, "_runtime": 55, "_step": 60, "train_loss_epoch": 0.08966995775699615, "train_accuracy": 1.0, "train_f1_score_micro": 1.0, "train_f1_score_macro": 1.0, "train_AUC": 1.0, "test_loss": 0.43962177634239197, "test_accuracy": 0.800000011920929, "test_f1_score_micro": 0.8000000715255737, "test_f1_score_macro": 0.7977590560913086, "test_AUC": 0.8863431811332703, "_wandb": {"runtime": 56}}