{"validation_loss": 0.13515855371952057, "validation_accuracy": 0.9677419066429138, "validation_f1_score_micro": 0.9677419066429138, "validation_f1_score_macro": 0.9676071405410767, "validation_AUC": 0.9873949885368347, "epoch": 22, "trainer/global_step": 22, "_timestamp": 1648725701, "_runtime": 50, "_step": 54, "train_loss_epoch": 0.04102582111954689, "train_accuracy": 0.9964285492897034, "train_f1_score_micro": 0.9964285492897034, "train_f1_score_macro": 0.9963503479957581, "train_AUC": 0.9985385537147522, "test_loss": 0.4706006944179535, "test_accuracy": 0.8421052694320679, "test_f1_score_micro": 0.8421053290367126, "test_f1_score_macro": 0.8414729833602905, "test_AUC": 0.9155435562133789, "_wandb": {"runtime": 51}}