{"train_loss_step": 0.6217197775840759, "epoch": 1, "trainer/global_step": 7, "_timestamp": 1647966635, "_runtime": 41, "_step": 9, "validation_loss": 0.6046407222747803, "validation_accuracy": 0.8631386756896973, "validation_f1_score_micro": 0.8631386756896973, "validation_f1_score_macro": 0.8615336418151855, "validation_AUC": 0.957687258720398, "train_loss_epoch": 0.7010028958320618, "train_accuracy": 0.5887194871902466, "train_f1_score_micro": 0.5887194871902466, "train_f1_score_macro": 0.567959189414978, "train_AUC": 0.6456968188285828, "test_loss": 0.6081371903419495, "test_accuracy": 0.8487805128097534, "test_f1_score_micro": 0.8487805128097534, "test_f1_score_macro": 0.8478242754936218, "test_AUC": 0.9438941478729248, "_wandb": {"runtime": 41}}