{"validation_loss": 0.3412269949913025, "validation_accuracy": 0.939393937587738, "validation_f1_score_micro": 0.939393937587738, "validation_f1_score_macro": 0.9393382668495178, "validation_AUC": 0.9555555582046509, "epoch": 16, "trainer/global_step": 16, "_timestamp": 1648724895, "_runtime": 42, "_step": 42, "train_loss_epoch": 0.07332944869995117, "train_accuracy": 1.0, "train_f1_score_micro": 1.0, "train_f1_score_macro": 1.0, "train_AUC": 1.0, "test_loss": 0.6714980006217957, "test_accuracy": 0.6666666865348816, "test_f1_score_micro": 0.6666666865348816, "test_f1_score_macro": 0.6630101203918457, "test_AUC": 0.7729277610778809, "_wandb": {"runtime": 51}}