{"validation_loss": 0.6025671362876892, "validation_accuracy": 0.6774193644523621, "validation_f1_score_micro": 0.6774193644523621, "validation_f1_score_macro": 0.6085858345031738, "validation_AUC": 0.9453781247138977, "epoch": 23, "trainer/global_step": 23, "_timestamp": 1648733096, "_runtime": 53, "_step": 56, "train_loss_epoch": 0.03692751005291939, "train_accuracy": 1.0, "train_f1_score_micro": 1.0, "train_f1_score_macro": 1.0, "train_AUC": 0.9999999403953552, "test_loss": 0.6438098549842834, "test_accuracy": 0.6736842393875122, "test_f1_score_micro": 0.6736842393875122, "test_f1_score_macro": 0.672377347946167, "test_AUC": 0.7830188274383545, "_wandb": {"runtime": 53}}