{"train_loss_step": 0.4492025077342987, "epoch": 22, "trainer/global_step": 198, "_timestamp": 1647972175, "_runtime": 1025, "_step": 330, "validation_loss": 0.4112595319747925, "validation_accuracy": 0.823369562625885, "validation_f1_score_micro": 0.823369562625885, "validation_f1_score_macro": 0.8191823959350586, "validation_AUC": 0.8988770842552185, "train_loss_epoch": 0.2608729898929596, "train_accuracy": 0.8929545283317566, "train_f1_score_micro": 0.8929545283317566, "train_f1_score_macro": 0.8913604021072388, "train_AUC": 0.9602946043014526, "test_loss": 0.3954934775829315, "test_accuracy": 0.8289473652839661, "test_f1_score_micro": 0.8289473652839661, "test_f1_score_macro": 0.8269803524017334, "test_AUC": 0.8952794075012207, "_wandb": {"runtime": 1023}}