{"validation_loss": 0.5186666250228882, "validation_accuracy": 0.774193525314331, "validation_f1_score_micro": 0.774193525314331, "validation_f1_score_macro": 0.7741935849189758, "validation_AUC": 0.9075630307197571, "epoch": 7, "trainer/global_step": 7, "_timestamp": 1648732589, "_runtime": 30, "_step": 24, "train_loss_epoch": 0.005471415817737579, "train_accuracy": 1.0, "train_f1_score_micro": 1.0, "train_f1_score_macro": 1.0, "train_AUC": 1.0, "test_loss": 0.7788414359092712, "test_accuracy": 0.6105263233184814, "test_f1_score_micro": 0.6105263233184814, "test_f1_score_macro": 0.6098346710205078, "test_AUC": 0.7070979475975037, "_wandb": {"runtime": 26}}