{"train_loss_step": 0.5872887969017029, "epoch": 1, "trainer/global_step": 7, "_timestamp": 1647966778, "_runtime": 44, "_step": 9, "validation_loss": 0.5470404028892517, "validation_accuracy": 0.7554744482040405, "validation_f1_score_micro": 0.7554744482040405, "validation_f1_score_macro": 0.7427229881286621, "validation_AUC": 0.9704036712646484, "train_loss_epoch": 0.7045482397079468, "train_accuracy": 0.574999988079071, "train_f1_score_micro": 0.574999988079071, "train_f1_score_macro": 0.570915937423706, "train_AUC": 0.6531736254692078, "test_loss": 0.5496004223823547, "test_accuracy": 0.7646341323852539, "test_f1_score_micro": 0.7646341323852539, "test_f1_score_macro": 0.7503722906112671, "test_AUC": 0.9587111473083496, "_wandb": {"runtime": 44}}