{"validation_loss": 2.620109796524048, "validation_accuracy": 0.4516128897666931, "validation_f1_score_micro": 0.4516128897666931, "validation_f1_score_macro": 0.31111109256744385, "validation_AUC": 0.8529411554336548, "epoch": 1, "trainer/global_step": 1, "_timestamp": 1648731097, "_runtime": 19, "_step": 12, "train_loss_epoch": 0.20041663944721222, "train_accuracy": 1.0, "train_f1_score_micro": 1.0, "train_f1_score_macro": 1.0, "train_AUC": 1.0, "test_loss": 0.9805280566215515, "test_accuracy": 0.5684210658073425, "test_f1_score_micro": 0.5684210658073425, "test_f1_score_macro": 0.38380002975463867, "test_AUC": 0.6325247287750244, "_wandb": {"runtime": 17}}