{"validation_loss": 0.6531688570976257, "validation_accuracy": 0.774193525314331, "validation_f1_score_micro": 0.774193525314331, "validation_f1_score_macro": 0.7732497453689575, "validation_AUC": 0.9327731132507324, "epoch": 12, "trainer/global_step": 12, "_timestamp": 1648725357, "_runtime": 36, "_step": 34, "train_loss_epoch": 0.02686770260334015, "train_accuracy": 1.0, "train_f1_score_micro": 1.0, "train_f1_score_macro": 1.0, "train_AUC": 0.9999999403953552, "test_loss": 0.5464039444923401, "test_accuracy": 0.75789475440979, "test_f1_score_micro": 0.75789475440979, "test_f1_score_macro": 0.7574647665023804, "test_AUC": 0.8328840732574463, "_wandb": {"runtime": 42}}