{"validation_loss": 0.7050503492355347, "validation_accuracy": 0.6451612710952759, "validation_f1_score_micro": 0.6451612710952759, "validation_f1_score_macro": 0.6198439598083496, "validation_AUC": 0.8739495277404785, "epoch": 10, "trainer/global_step": 10, "_timestamp": 1648732552, "_runtime": 32, "_step": 30, "train_loss_epoch": 0.009850576519966125, "train_accuracy": 1.0, "train_f1_score_micro": 1.0, "train_f1_score_macro": 1.0, "train_AUC": 1.0, "test_loss": 0.8661741018295288, "test_accuracy": 0.621052622795105, "test_f1_score_micro": 0.621052622795105, "test_f1_score_macro": 0.5758928060531616, "test_AUC": 0.6343216300010681, "_wandb": {"runtime": 32}}