{"validation_loss": 1.0574928522109985, "validation_accuracy": 0.5161290168762207, "validation_f1_score_micro": 0.5161290168762207, "validation_f1_score_macro": 0.4308445453643799, "validation_AUC": 0.9117646813392639, "epoch": 1, "trainer/global_step": 1, "_timestamp": 1648731391, "_runtime": 20, "_step": 12, "train_loss_epoch": 0.3829233944416046, "train_accuracy": 1.0, "train_f1_score_micro": 1.0, "train_f1_score_macro": 1.0, "train_AUC": 1.0, "test_loss": 0.6720508933067322, "test_accuracy": 0.5789473652839661, "test_f1_score_micro": 0.5789473652839661, "test_f1_score_macro": 0.40846824645996094, "test_AUC": 0.6392632722854614, "_wandb": {"runtime": 20}}