{"validation_loss": 0.233371302485466, "validation_accuracy": 0.9354838728904724, "validation_f1_score_micro": 0.9354838728904724, "validation_f1_score_macro": 0.9354166984558105, "validation_AUC": 0.9831932783126831, "epoch": 19, "trainer/global_step": 38, "_timestamp": 1648726128, "_runtime": 50, "_step": 48, "train_loss_epoch": 0.0756843313574791, "train_accuracy": 0.9946428537368774, "train_f1_score_micro": 0.9946428537368774, "train_f1_score_macro": 0.9939705729484558, "train_AUC": 0.9976917505264282, "test_loss": 0.37354645133018494, "test_accuracy": 0.8526315689086914, "test_f1_score_micro": 0.8526315689086914, "test_f1_score_macro": 0.851827085018158, "test_AUC": 0.9299191832542419, "_wandb": {"runtime": 52}}