{"train_loss_step": 0.6957919001579285, "epoch": 1, "trainer/global_step": 1, "_timestamp": 1647966581, "_runtime": 14, "_step": 3, "validation_loss": 0.6986705660820007, "validation_accuracy": 0.4375, "validation_f1_score_micro": 0.4375, "validation_f1_score_macro": 0.30434781312942505, "validation_AUC": 0.7976190447807312, "train_loss_epoch": 0.6933134198188782, "train_accuracy": 0.4893617033958435, "train_f1_score_micro": 0.4893617033958435, "train_f1_score_macro": 0.35422930121421814, "train_AUC": 0.5456916093826294, "test_loss": 0.671314537525177, "test_accuracy": 0.5833333134651184, "test_f1_score_micro": 0.5833333134651184, "test_f1_score_macro": 0.48470205068588257, "test_AUC": 0.6391093730926514, "_wandb": {"runtime": 15}}