{"train_loss_epoch": 0.33929893374443054, "train_accuracy": 0.8564447164535522, "train_f1_score_micro": 0.8564447164535522, "train_f1_score_macro": 0.8525059223175049, "train_AUC_0": 0.06583248823881149, "train_AUC_1": 0.9341675043106079, "epoch": 8, "trainer/global_step": 314, "_timestamp": 1647857444, "_runtime": 1738, "_step": 77, "validation_loss_step/epoch_0": 0.5114616751670837, "validation_loss_epoch": 0.3775578737258911, "validation_accuracy": 0.8420979380607605, "validation_f1_score_micro": 0.8420979380607605, "validation_f1_score_macro": 0.8339620232582092, "validation_AUC_0": 0.0963902622461319, "validation_AUC_1": 0.9036096930503845, "train_loss_step": 0.28479835391044617, "validation_loss_step/epoch_1": 0.7041001915931702, "validation_loss_step/epoch_2": 0.46483778953552246, "validation_loss_step/epoch_3": 0.4259849190711975, "validation_loss_step/epoch_4": 0.7247909903526306, "validation_loss_step/epoch_5": 0.43570807576179504, "validation_loss_step/epoch_6": 0.4088899791240692, "validation_loss_step/epoch_7": 0.40658286213874817, "validation_loss_step/epoch_8": 0.40008750557899475}