{"validation_loss": 0.23824770748615265, "validation_accuracy": 0.9677419066429138, "validation_f1_score_micro": 0.9677419066429138, "validation_f1_score_macro": 0.9676071405410767, "validation_AUC": 0.9789915680885315, "epoch": 19, "trainer/global_step": 38, "_timestamp": 1648726185, "_runtime": 48, "_step": 48, "train_loss_epoch": 0.06573283672332764, "train_accuracy": 0.9983333349227905, "train_f1_score_micro": 0.9983333349227905, "train_f1_score_macro": 0.9981365203857422, "train_AUC": 0.9978232979774475, "test_loss": 0.4082884192466736, "test_accuracy": 0.8631578683853149, "test_f1_score_micro": 0.8631578683853149, "test_f1_score_macro": 0.8629148602485657, "test_AUC": 0.9137466549873352, "_wandb": {"runtime": 51}}