{"validation_loss": 0.17178472876548767, "validation_accuracy": 0.9354838728904724, "validation_f1_score_micro": 0.9354838728904724, "validation_f1_score_macro": 0.9348739385604858, "validation_AUC": 0.9915966391563416, "epoch": 24, "trainer/global_step": 24, "_timestamp": 1648719170, "_runtime": 246, "_step": 79, "train_loss_epoch": 0.04839295893907547, "train_accuracy": 1.0, "train_f1_score_micro": 1.0, "train_f1_score_macro": 1.0, "train_AUC": 1.0, "test_loss": 0.5181432366371155, "test_accuracy": 0.7684210538864136, "test_f1_score_micro": 0.7684210538864136, "test_f1_score_macro": 0.7640018463134766, "test_AUC": 0.8463612198829651}