{"validation_loss": 1.0385814905166626, "validation_accuracy": 0.5483871102333069, "validation_f1_score_micro": 0.5483871102333069, "validation_f1_score_macro": 0.4833333492279053, "validation_AUC": 0.8991596698760986, "epoch": 1, "trainer/global_step": 1, "_timestamp": 1648731363, "_runtime": 17, "_step": 12, "train_loss_epoch": 0.3950694501399994, "train_accuracy": 1.0, "train_f1_score_micro": 1.0, "train_f1_score_macro": 1.0, "train_AUC": 1.0, "test_loss": 0.7030858993530273, "test_accuracy": 0.5894736647605896, "test_f1_score_micro": 0.5894736647605896, "test_f1_score_macro": 0.48973965644836426, "test_AUC": 0.6502695083618164, "_wandb": {"runtime": 18}}