{"validation_loss": 0.22747628390789032, "validation_accuracy": 0.9354838728904724, "validation_f1_score_micro": 0.9354838728904724, "validation_f1_score_macro": 0.9348739385604858, "validation_AUC": 0.970588207244873, "epoch": 18, "trainer/global_step": 18, "_timestamp": 1648722175, "_runtime": 39, "_step": 46, "train_loss_epoch": 0.10448376834392548, "train_accuracy": 1.0, "train_f1_score_micro": 1.0, "train_f1_score_macro": 1.0, "train_AUC": 1.0, "test_loss": 0.4283822178840637, "test_accuracy": 0.8315789699554443, "test_f1_score_micro": 0.8315790295600891, "test_f1_score_macro": 0.8314108848571777, "test_AUC": 0.9240790605545044, "_wandb": {"runtime": 39}}