{"validation_loss": 0.40630730986595154, "validation_accuracy": 0.8709677457809448, "validation_f1_score_micro": 0.8709677457809448, "validation_f1_score_macro": 0.8708332777023315, "validation_AUC": 0.9369747638702393, "epoch": 13, "trainer/global_step": 13, "_timestamp": 1648733980, "_runtime": 38, "_step": 36, "train_loss_epoch": 0.0642256811261177, "train_accuracy": 1.0, "train_f1_score_micro": 1.0, "train_f1_score_macro": 1.0, "train_AUC": 0.9999999403953552, "test_loss": 0.6797136068344116, "test_accuracy": 0.6421052813529968, "test_f1_score_micro": 0.6421052813529968, "test_f1_score_macro": 0.6388640403747559, "test_AUC": 0.7592093348503113, "_wandb": {"runtime": 38}}