{"validation_loss": 0.25977474451065063, "validation_accuracy": 0.9375, "validation_f1_score_micro": 0.9375, "validation_f1_score_macro": 0.9372549057006836, "validation_AUC": 0.9960317611694336, "epoch": 29, "trainer/global_step": 29, "_timestamp": 1648723991, "_runtime": 118, "_step": 60, "train_loss_epoch": 0.08798346668481827, "train_accuracy": 1.0, "train_f1_score_micro": 1.0, "train_f1_score_macro": 1.0, "train_AUC": 1.0, "test_loss": 0.48142892122268677, "test_accuracy": 0.7916666865348816, "test_f1_score_micro": 0.7916666865348816, "test_f1_score_macro": 0.7893812656402588, "test_AUC": 0.8677248358726501, "_wandb": {"runtime": 119}}