{"validation_loss": 0.18512555956840515, "validation_accuracy": 0.9677419066429138, "validation_f1_score_micro": 0.9677419066429138, "validation_f1_score_macro": 0.9676071405410767, "validation_AUC": 0.9957982897758484, "epoch": 27, "trainer/global_step": 27, "_timestamp": 1648721756, "_runtime": 53, "_step": 60, "train_loss_epoch": 0.0895557776093483, "train_accuracy": 1.0, "train_f1_score_micro": 1.0, "train_f1_score_macro": 1.0, "train_AUC": 1.0, "test_loss": 0.4435616433620453, "test_accuracy": 0.8315789699554443, "test_f1_score_micro": 0.8315790295600891, "test_f1_score_macro": 0.8311110734939575, "test_AUC": 0.9047619104385376, "_wandb": {"runtime": 53}}