{"validation_loss": 1.191964030265808, "validation_accuracy": 0.6451612710952759, "validation_f1_score_micro": 0.6451612710952759, "validation_f1_score_macro": 0.6198439598083496, "validation_AUC": 0.9327730536460876, "epoch": 21, "trainer/global_step": 21, "_timestamp": 1648733885, "_runtime": 52, "_step": 52, "train_loss_epoch": 0.05179364234209061, "train_accuracy": 1.0, "train_f1_score_micro": 1.0, "train_f1_score_macro": 1.0, "train_AUC": 1.0, "test_loss": 0.6793445944786072, "test_accuracy": 0.6842105388641357, "test_f1_score_micro": 0.6842105388641357, "test_f1_score_macro": 0.6841754913330078, "test_AUC": 0.7938005924224854, "_wandb": {"runtime": 51}}