{"validation_loss": 0.9114636182785034, "validation_accuracy": 0.7096773982048035, "validation_f1_score_micro": 0.7096773982048035, "validation_f1_score_macro": 0.698378324508667, "validation_AUC": 0.9453781843185425, "epoch": 23, "trainer/global_step": 23, "_timestamp": 1648733554, "_runtime": 53, "_step": 56, "train_loss_epoch": 0.3291502296924591, "train_accuracy": 0.8500000238418579, "train_f1_score_micro": 0.8500000238418579, "train_f1_score_macro": 0.8496240377426147, "train_AUC": 0.9848484992980957, "test_loss": 0.6348743438720703, "test_accuracy": 0.7157894968986511, "test_f1_score_micro": 0.7157894968986511, "test_f1_score_macro": 0.7156634330749512, "test_AUC": 0.7996406555175781, "_wandb": {"runtime": 54}}