{"validation_loss": 0.8835171461105347, "validation_accuracy": 0.7096773982048035, "validation_f1_score_micro": 0.7096773982048035, "validation_f1_score_macro": 0.698378324508667, "validation_AUC": 0.9159663915634155, "epoch": 20, "trainer/global_step": 20, "_timestamp": 1648733034, "_runtime": 47, "_step": 50, "train_loss_epoch": 0.3295976519584656, "train_accuracy": 0.8181818127632141, "train_f1_score_micro": 0.8181818127632141, "train_f1_score_macro": 0.8166667222976685, "train_AUC": 0.9916666746139526, "test_loss": 0.6316187381744385, "test_accuracy": 0.7368420958518982, "test_f1_score_micro": 0.7368420958518982, "test_f1_score_macro": 0.7367254495620728, "test_AUC": 0.8023360371589661, "_wandb": {"runtime": 48}}