{"validation_loss": 0.6997767090797424, "validation_accuracy": 0.3919413983821869, "validation_f1_score_micro": 0.3919413685798645, "validation_f1_score_macro": 0.3214344382286072, "validation_AUC": 0.4041576683521271, "epoch": 28, "trainer/global_step": 28, "_timestamp": 1648207509, "_runtime": 1731, "_step": 95, "train_loss_epoch": 0.7236327528953552, "train_accuracy": 0.34166666865348816, "train_f1_score_micro": 0.34166666865348816, "train_f1_score_macro": 0.25465837121009827, "train_AUC": 0.3050324022769928, "test_loss": 0.6406154632568359, "test_accuracy": 0.6085366010665894, "test_f1_score_micro": 0.6085366010665894, "test_f1_score_macro": 0.5687738656997681, "test_AUC": 0.7521908283233643, "_wandb": {"runtime": 1731}}