{"validation_loss": 1.1607978343963623, "validation_accuracy": 0.6451612710952759, "validation_f1_score_micro": 0.6451612710952759, "validation_f1_score_macro": 0.6198439598083496, "validation_AUC": 0.9075630307197571, "epoch": 22, "trainer/global_step": 22, "_timestamp": 1648732924, "_runtime": 51, "_step": 54, "train_loss_epoch": 0.06373519450426102, "train_accuracy": 1.0, "train_f1_score_micro": 1.0, "train_f1_score_macro": 1.0, "train_AUC": 1.0, "test_loss": 0.5928801894187927, "test_accuracy": 0.6947368383407593, "test_f1_score_micro": 0.6947368383407593, "test_f1_score_macro": 0.692556619644165, "test_AUC": 0.8009883165359497, "_wandb": {"runtime": 51}}