{"train_loss_step": 0.3110007047653198, "epoch": 48, "trainer/global_step": 432, "_timestamp": 1647971117, "_runtime": 1715, "_step": 616, "validation_loss": 0.41784271597862244, "validation_accuracy": 0.811141312122345, "validation_f1_score_micro": 0.811141312122345, "validation_f1_score_macro": 0.8011472225189209, "validation_AUC": 0.9024966955184937, "train_loss_epoch": 0.2600926160812378, "train_accuracy": 0.9013636112213135, "train_f1_score_micro": 0.9013636112213135, "train_f1_score_macro": 0.8993916511535645, "train_AUC": 0.964356541633606, "test_loss": 0.39012420177459717, "test_accuracy": 0.8207803964614868, "test_f1_score_micro": 0.8207804560661316, "test_f1_score_macro": 0.8190907835960388, "test_AUC": 0.8965632915496826, "_wandb": {"runtime": 1714}}