{"train_loss_epoch": 0.50869220495224, "train_accuracy": 0.7502944469451904, "train_f1_score_micro": 0.7502944469451904, "train_f1_score_macro": 0.7382607460021973, "train_AUC_0": 0.14978384971618652, "train_AUC_1": 0.8502160906791687, "epoch": 1, "trainer/global_step": 69, "_timestamp": 1647815826, "_runtime": 710, "_step": 16, "validation_loss_step/epoch_0": 0.5948326587677002, "validation_loss_epoch": 0.4606291353702545, "validation_accuracy": 0.7812080383300781, "validation_f1_score_micro": 0.7812080383300781, "validation_f1_score_macro": 0.7665737867355347, "validation_AUC_0": 0.13538433611392975, "validation_AUC_1": 0.8646156191825867, "train_loss_step": 0.6209011673927307, "validation_loss_step/epoch_1": 0.5019044280052185}