{"validation_loss": 0.6678349375724792, "validation_accuracy": 0.6739926934242249, "validation_f1_score_micro": 0.6739926934242249, "validation_f1_score_macro": 0.6322258710861206, "validation_AUC": 0.906466007232666, "epoch": 2, "trainer/global_step": 5, "_timestamp": 1648166119, "_runtime": 32, "_step": 5, "train_loss_epoch": 0.6756170392036438, "train_accuracy": 0.5164835453033447, "train_f1_score_micro": 0.5164835453033447, "train_f1_score_macro": 0.35687896609306335, "train_AUC": 0.8758068680763245}