{"validation_loss": 0.6375899910926819, "validation_accuracy": 0.6153846383094788, "validation_f1_score_micro": 0.6153846383094788, "validation_f1_score_macro": 0.5623931288719177, "validation_AUC": 0.76459139585495, "epoch": 28, "trainer/global_step": 28, "_timestamp": 1648205125, "_runtime": 90, "_step": 60, "train_loss_epoch": 0.11316762119531631, "train_accuracy": 1.0, "train_f1_score_micro": 1.0, "train_f1_score_macro": 1.0, "train_AUC": 1.0, "test_loss": 0.6451864242553711, "test_accuracy": 0.6042683124542236, "test_f1_score_micro": 0.6042683124542236, "test_f1_score_macro": 0.5609754920005798, "test_AUC": 0.7521030902862549, "_wandb": {"runtime": 90}}