{"validation_loss": 1.727081298828125, "validation_accuracy": 0.4838709533214569, "validation_f1_score_micro": 0.4838709533214569, "validation_f1_score_macro": 0.3737373650074005, "validation_AUC": 0.8823529481887817, "epoch": 1, "trainer/global_step": 1, "_timestamp": 1648731122, "_runtime": 17, "_step": 12, "train_loss_epoch": 0.20338726043701172, "train_accuracy": 1.0, "train_f1_score_micro": 1.0, "train_f1_score_macro": 1.0, "train_AUC": 1.0, "test_loss": 0.8451727032661438, "test_accuracy": 0.557894766330719, "test_f1_score_micro": 0.557894766330719, "test_f1_score_macro": 0.35810813307762146, "test_AUC": 0.637466311454773, "_wandb": {"runtime": 17}}