{"validation_loss": 0.5041134357452393, "validation_accuracy": 0.8387096524238586, "validation_f1_score_micro": 0.8387096524238586, "validation_f1_score_macro": 0.838035523891449, "validation_AUC": 0.9537814855575562, "epoch": 27, "trainer/global_step": 27, "_timestamp": 1648733619, "_runtime": 57, "_step": 60, "train_loss_epoch": 0.044801220297813416, "train_accuracy": 1.0, "train_f1_score_micro": 1.0, "train_f1_score_macro": 1.0, "train_AUC": 1.0, "test_loss": 0.8611292839050293, "test_accuracy": 0.7368420958518982, "test_f1_score_micro": 0.7368420958518982, "test_f1_score_macro": 0.7367254495620728, "test_AUC": 0.8005390763282776, "_wandb": {"runtime": 57}}