{"validation_loss": 1.120602011680603, "validation_accuracy": 0.5483871102333069, "validation_f1_score_micro": 0.5483871102333069, "validation_f1_score_macro": 0.4833333492279053, "validation_AUC": 0.9117646813392639, "epoch": 1, "trainer/global_step": 1, "_timestamp": 1648731311, "_runtime": 17, "_step": 12, "train_loss_epoch": 0.35429102182388306, "train_accuracy": 1.0, "train_f1_score_micro": 1.0, "train_f1_score_macro": 1.0, "train_AUC": 1.0, "test_loss": 0.7151710391044617, "test_accuracy": 0.6105263233184814, "test_f1_score_micro": 0.6105263233184814, "test_f1_score_macro": 0.5041614174842834, "test_AUC": 0.6513926386833191, "_wandb": {"runtime": 18}}