{"validation_loss": 0.7197573184967041, "validation_accuracy": 0.6451612710952759, "validation_f1_score_micro": 0.6451612710952759, "validation_f1_score_macro": 0.6198439598083496, "validation_AUC": 0.9201680421829224, "epoch": 2, "trainer/global_step": 2, "_timestamp": 1648731756, "_runtime": 18, "_step": 14, "train_loss_epoch": 0.30209866166114807, "train_accuracy": 1.0, "train_f1_score_micro": 1.0, "train_f1_score_macro": 1.0, "train_AUC": 1.0, "test_loss": 0.6596173048019409, "test_accuracy": 0.5789473652839661, "test_f1_score_micro": 0.5789473652839661, "test_f1_score_macro": 0.4825707674026489, "test_AUC": 0.6653189659118652, "_wandb": {"runtime": 20}}