{"validation_loss": 0.9266946911811829, "validation_accuracy": 0.6129032373428345, "validation_f1_score_micro": 0.6129032373428345, "validation_f1_score_macro": 0.5772727727890015, "validation_AUC": 0.8949580192565918, "epoch": 1, "trainer/global_step": 1, "_timestamp": 1648731198, "_runtime": 18, "_step": 12, "train_loss_epoch": 0.32470032572746277, "train_accuracy": 0.8571428656578064, "train_f1_score_micro": 0.8571428656578064, "train_f1_score_macro": 0.7878788113594055, "train_AUC": 1.0, "test_loss": 0.7642427682876587, "test_accuracy": 0.6000000238418579, "test_f1_score_micro": 0.6000000238418579, "test_f1_score_macro": 0.45501208305358887, "test_AUC": 0.6370170712471008, "_wandb": {"runtime": 21}}