{"validation_loss": 0.47479861974716187, "validation_accuracy": 0.8064516186714172, "validation_f1_score_micro": 0.8064516186714172, "validation_f1_score_macro": 0.8046218156814575, "validation_AUC": 0.9663865566253662, "epoch": 18, "trainer/global_step": 36, "_timestamp": 1648726069, "_runtime": 51, "_step": 46, "train_loss_epoch": 0.04901460185647011, "train_accuracy": 0.9942307472229004, "train_f1_score_micro": 0.9942307472229004, "train_f1_score_macro": 0.9936994910240173, "train_AUC": 0.9974828362464905, "test_loss": 0.488284170627594, "test_accuracy": 0.8526315689086914, "test_f1_score_micro": 0.8526315689086914, "test_f1_score_macro": 0.852615237236023, "test_AUC": 0.915992796421051, "_wandb": {"runtime": 51}}