{"train_loss_epoch": 0.4584782123565674, "train_accuracy": 0.7825000286102295, "train_f1_score_micro": 0.7825000286102295, "train_f1_score_macro": 0.7779033184051514, "train_AUC": 0.8561074733734131, "epoch": 1, "trainer/global_step": 69, "_timestamp": 1647865443, "_runtime": 52, "_step": 4, "validation_loss": 0.5368243455886841, "validation_accuracy": 0.71875, "validation_f1_score_micro": 0.71875, "validation_f1_score_macro": 0.7175983190536499, "validation_AUC": 0.8555269241333008, "train_loss_step": 0.3865794241428375}