{"validation_loss": 0.7362855672836304, "validation_accuracy": 0.4516128897666931, "validation_f1_score_micro": 0.4516128897666931, "validation_f1_score_macro": 0.31111109256744385, "validation_AUC": 0.8907563090324402, "epoch": 4, "trainer/global_step": 4, "_timestamp": 1648725642, "_runtime": 22, "_step": 18, "train_loss_epoch": 0.5978621244430542, "train_accuracy": 0.6458333134651184, "train_f1_score_micro": 0.6458333134651184, "train_f1_score_macro": 0.39240506291389465, "train_AUC": 0.7128652334213257, "test_loss": 0.6641895771026611, "test_accuracy": 0.557894766330719, "test_f1_score_micro": 0.557894766330719, "test_f1_score_macro": 0.35810813307762146, "test_AUC": 0.6585804224014282, "_wandb": {"runtime": 23}}