{"validation_loss": 0.652612030506134, "validation_accuracy": 0.8064516186714172, "validation_f1_score_micro": 0.8064516186714172, "validation_f1_score_macro": 0.8046218156814575, "validation_AUC": 0.9453781247138977, "epoch": 26, "trainer/global_step": 26, "_timestamp": 1648734046, "_runtime": 58, "_step": 60, "train_loss_epoch": 0.03856760635972023, "train_accuracy": 1.0, "train_f1_score_micro": 1.0, "train_f1_score_macro": 1.0, "train_AUC": 1.0, "test_loss": 0.7206060886383057, "test_accuracy": 0.7368420958518982, "test_f1_score_micro": 0.7368420958518982, "test_f1_score_macro": 0.7367254495620728, "test_AUC": 0.803459107875824, "_wandb": {"runtime": 58}}