{"validation_loss": 0.44684743881225586, "validation_accuracy": 0.8181818127632141, "validation_f1_score_micro": 0.8181818127632141, "validation_f1_score_macro": 0.8166667222976685, "validation_AUC": 0.9518518447875977, "epoch": 19, "trainer/global_step": 19, "_timestamp": 1648724833, "_runtime": 44, "_step": 48, "train_loss_epoch": 0.08744997531175613, "train_accuracy": 0.9833333492279053, "train_f1_score_micro": 0.9833333492279053, "train_f1_score_macro": 0.9832589626312256, "train_AUC": 1.0, "test_loss": 0.6760641932487488, "test_accuracy": 0.65625, "test_f1_score_micro": 0.65625, "test_f1_score_macro": 0.6498286724090576, "test_AUC": 0.7729276418685913, "_wandb": {"runtime": 54}}