{"validation_loss": 1.3491557836532593, "validation_accuracy": 0.6451612710952759, "validation_f1_score_micro": 0.6451612710952759, "validation_f1_score_macro": 0.6198439598083496, "validation_AUC": 0.9327731132507324, "epoch": 22, "trainer/global_step": 22, "_timestamp": 1648733445, "_runtime": 53, "_step": 54, "train_loss_epoch": 0.7050402760505676, "train_accuracy": 0.6666666865348816, "train_f1_score_micro": 0.6666666865348816, "train_f1_score_macro": 0.6387959718704224, "train_AUC": 0.9721362590789795, "test_loss": 0.633588433265686, "test_accuracy": 0.7157894968986511, "test_f1_score_micro": 0.7157894968986511, "test_f1_score_macro": 0.7152847051620483, "test_AUC": 0.7816711664199829, "_wandb": {"runtime": 53}}