{"validation_loss": 1.1299628019332886, "validation_accuracy": 0.7096773982048035, "validation_f1_score_micro": 0.7096773982048035, "validation_f1_score_macro": 0.698378324508667, "validation_AUC": 0.9285714030265808, "epoch": 25, "trainer/global_step": 25, "_timestamp": 1648733219, "_runtime": 60, "_step": 60, "train_loss_epoch": 0.148586243391037, "train_accuracy": 0.9642857313156128, "train_f1_score_micro": 0.964285671710968, "train_f1_score_macro": 0.9638710021972656, "train_AUC": 1.0, "test_loss": 0.6653381586074829, "test_accuracy": 0.6947368383407593, "test_f1_score_micro": 0.6947368383407593, "test_f1_score_macro": 0.694736897945404, "test_AUC": 0.8099730610847473, "_wandb": {"runtime": 59}}