{"train_loss_step": 0.1357201486825943, "epoch": 23, "trainer/global_step": 161, "_timestamp": 1647968176, "_runtime": 676, "_step": 279, "validation_loss": 0.18146583437919617, "validation_accuracy": 0.9270073175430298, "validation_f1_score_micro": 0.9270073175430298, "validation_f1_score_macro": 0.9266163110733032, "validation_AUC": 0.9932454228401184, "train_loss_epoch": 0.07360390573740005, "train_accuracy": 0.9771341681480408, "train_f1_score_micro": 0.9771341681480408, "train_f1_score_macro": 0.9771327972412109, "train_AUC": 0.995978593826294, "test_loss": 0.08659537881612778, "test_accuracy": 0.9756097793579102, "test_f1_score_micro": 0.9756097793579102, "test_f1_score_macro": 0.9756045341491699, "test_AUC": 0.9932689666748047, "_wandb": {"runtime": 676}}